"Titel","Auteur","Tags","Graad","Locatie","ISBN","Cover"
"De jonge Wallander","Henning Mankell","misdaad, mysterie, detective, spanning","Derde graad","Nederlandstalige fictie","9789028241254","https://books.google.com/books/content?vid=isbn:9789028241254&printsec=frontcover&img=1&zoom=1"
"De man die glimlachte","Henning Mankell","mysterie, spanning, detective, misdaad","Derde graad","Nederlandstalige fictie","9789050123282","https://books.google.com/books/content?vid=isbn:9789050123282&printsec=frontcover&img=1&zoom=1"
"Dwaalsporen","Henning Mankell","detective, mysterie, spanning, misdaad","Derde graad","Nederlandstalige fictie","9789026797928","https://books.google.com/books/content?vid=isbn:9789026797928&printsec=frontcover&img=1&zoom=1"
"De witte leeuwin","Henning Mankell","misdaad, mysterie, spanning, detective","Derde graad","Nederlandstalige fictie","9789024247046","https://books.google.com/books/content?vid=isbn:9789024247046&printsec=frontcover&img=1&zoom=1"
"Midzomermoord","Henning Mankell","misdaad, spanning, mysterie, detective","Derde graad","Nederlandstalige fictie","9789015201301","https://books.google.com/books/content?vid=isbn:9789015201301&printsec=frontcover&img=1&zoom=1"
"Moordenaar zonder gezicht","Henning Mankell","detective, misdaad, mysterie, spanning","Derde graad","Nederlandstalige fictie","9789045823388","https://books.google.com/books/content?vid=isbn:9789045823388&printsec=frontcover&img=1&zoom=1"
"Honden van Riga","Henning Mankell","misdaad, mysterie, spanning, detective","Derde graad","Nederlandstalige fictie","9789014346743","https://books.google.com/books/content?vid=isbn:9789014346743&printsec=frontcover&img=1&zoom=1"
"De vijfde vrouw","Henning Mankell","misdaad, mysterie, spanning, detective","Derde graad","Nederlandstalige fictie","9789099285293","https://books.google.com/books/content?vid=isbn:9789099285293&printsec=frontcover&img=1&zoom=1"
"Muidhond","Inge Schilperoord","mental health, spanning, identiteit, bekroond","Derde graad","Nederlandstalige fictie","9789083597034","https://books.google.com/books/content?vid=isbn:9789083597034&printsec=frontcover&img=1&zoom=1"
"Zijde","Alessandro Baricco","avontuur, historisch, romance, young adult, bekroond","Derde graad","Boektoppers","9789011068772","https://books.google.com/books/content?vid=isbn:9789011068772&printsec=frontcover&img=1&zoom=1"
"Datumloze dagen","Jeroen Brouwers","familie, verlies, bekroond, identiteit","Derde graad","Nederlandstalige fictie","9789079244484","https://books.google.com/books/content?vid=isbn:9789079244484&printsec=frontcover&img=1&zoom=1"
"De grammatica van het gevoel","David Grossman","coming of age, historisch, identiteit, vriendschap, verlies, bekroond","Derde graad","Nederlandstalige fictie","9789035473205","https://books.google.com/books/content?vid=isbn:9789035473205&printsec=frontcover&img=1&zoom=1"
"Maus Compleet","Art Spiegelman","graphic novel, historisch, oorlog, bekroond","Tweede graad","Graphic novels","9789026741946","https://books.google.com/books/content?vid=isbn:9789026741946&printsec=frontcover&img=1&zoom=1"
"De avonturen van Tom Sawyer","Mark Twain","avontuur, bekroond, coming of age, historisch, vriendschap","Eerste graad","Nederlandstalige fictie","9789025844675","https://books.google.com/books/content?vid=isbn:9789025844675&printsec=frontcover&img=1&zoom=1"
"De grot","Tim Krabbé","avontuur, identiteit, misdaad, mysterie, spanning, vriendschap, bekroond","Derde graad","Nederlandstalige fictie","9789053339260","https://books.google.com/books/content?vid=isbn:9789053339260&printsec=frontcover&img=1&zoom=1"
"Mijn zusje","Inez van Loon","young adult, verlies, familie, bekroond","Tweede graad","Nederlandstalige fictie","9789085276491","https://books.google.com/books/content?vid=isbn:9789085276491&printsec=frontcover&img=1&zoom=1"
"Honderd uur nacht","Anna Woltz","avontuur, coming of age, identiteit, romance, vriendschap, bekroond","Tweede graad","Nederlandstalige fictie","9789072011808","https://books.google.com/books/content?vid=isbn:9789072011808&printsec=frontcover&img=1&zoom=1"
"Zwart water","Kerstin Ekman","misdaad, mysterie, spanning, bekroond","Derde graad","Nederlandstalige fictie","9789058039499","https://books.google.com/books/content?vid=isbn:9789058039499&printsec=frontcover&img=1&zoom=1"
"De alchemist","Paulo Coelho","fantasy, bekroond, filosofie","Tweede graad","Nederlandstalige fictie","9789069256913","https://books.google.com/books/content?vid=isbn:9789069256913&printsec=frontcover&img=1&zoom=1"
"De honden","Allan Stratton","young adult, mysterie, horror, spanning, bekroond","Tweede graad","Boektoppers","9789021391463","https://books.google.com/books/content?vid=isbn:9789021391463&printsec=frontcover&img=1&zoom=1"
"De arkvaarders","Anne Provoost","historisch, young adult, romance, science-fiction, avontuur, bekroond","Tweede graad","Boektoppers","9789057411813","https://books.google.com/books/content?vid=isbn:9789057411813&printsec=frontcover&img=1&zoom=1"
"Zout van de zee","Ruta Sepetys","avontuur, historisch, oorlog, spanning, migratie, young adult, bekroond","Derde graad","Boektoppers","9789026544894","https://books.google.com/books/content?vid=isbn:9789026544894&printsec=frontcover&img=1&zoom=1"
"De boekenjief","Markus Zusak","historisch, oorlog, young adult, bekroond","Derde graad","Nederlandstalige fictie","9789084287505","https://books.google.com/books/content?vid=isbn:9789084287505&printsec=frontcover&img=1&zoom=1"
"Boze tongen","Tom Lanoye","familie, satire, bekroond, identiteit","Derde graad","Nederlandstalige fictie","9789036644795","https://books.google.com/books/content?vid=isbn:9789036644795&printsec=frontcover&img=1&zoom=1"
"De bekeerlinge","Stefan Hertmans","historisch, bekroond, identiteit","Derde graad","Nederlandstalige fictie","9789044327864","https://books.google.com/books/content?vid=isbn:9789044327864&printsec=frontcover&img=1&zoom=1"
"De helaasheid der dingen","Dimitri Verhulst","familie, autobiografie, bekroond, humor","Derde graad","Nederlandstalige fictie","9789021697232","https://books.google.com/books/content?vid=isbn:9789021697232&printsec=frontcover&img=1&zoom=1"
"De Aanslag","Harry Mulisch","oorlog, bekroond, historisch","Derde graad","Nederlandstalige fictie","9789097518463","https://books.google.com/books/content?vid=isbn:9789097518463&printsec=frontcover&img=1&zoom=1"
"Anastasia","Willy Spillebeen","oorlog, romance, verlies, vriendschap, historisch","Tweede graad","Nederlandstalige fictie","9789036775736","https://books.google.com/books/content?vid=isbn:9789036775736&printsec=frontcover&img=1&zoom=1"
"De schaduw van de wind","Carlos Ruiz Zafón","mysterie, spanning, historisch","Derde graad","Nederlandstalige fictie","9789054227558","https://books.google.com/books/content?vid=isbn:9789054227558&printsec=frontcover&img=1&zoom=1"
"Alle kleuren grijs","Kathleen Vereecken","historisch, familie","Eerste graad","Nederlandstalige fictie","9789045988015","https://books.google.com/books/content?vid=isbn:9789045988015&printsec=frontcover&img=1&zoom=1"
"Janey (Plus)","Bernard Ashley","avontuur","Eerste graad","Nederlandstalige fictie","9789019163340","https://books.google.com/books/content?vid=isbn:9789019163340&printsec=frontcover&img=1&zoom=1"
"Het Schorpioenkind","Riana Scheepers","historisch, spanning, avontuur","Tweede graad","Nederlandstalige fictie","9789061685104","https://books.google.com/books/content?vid=isbn:9789061685104&printsec=frontcover&img=1&zoom=1"
"Wespeneiland","Marja Roscam Abbing","avontuur, mysterie, vriendschap, spanning","Eerste graad","Nederlandstalige fictie","9789020843169","https://books.google.com/books/content?vid=isbn:9789020843169&printsec=frontcover&img=1&zoom=1"
"de vuurman","Anton Quintana","historisch, avontuur","Eerste graad","Nederlandstalige fictie","9789061553177","https://books.google.com/books/content?vid=isbn:9789061553177&printsec=frontcover&img=1&zoom=1"
"De heks van Axel","Hedwig van de Velde","avontuur, historisch, mysterie","Eerste graad","Nederlandstalige fictie","9789074827587","https://books.google.com/books/content?vid=isbn:9789074827587&printsec=frontcover&img=1&zoom=1"
"De antimeid","Jo Briels","mental health, actueel","Derde graad","Nederlandstalige fictie","9789033403712","https://books.google.com/books/content?vid=isbn:9789033403712&printsec=frontcover&img=1&zoom=1"
"Aangerand","Marina Defauw","mental health, actueel","Derde graad","Nederlandstalige fictie","9789050408628","https://books.google.com/books/content?vid=isbn:9789050408628&printsec=frontcover&img=1&zoom=1"
"Mockingjay (The Hunger Games, #3)","Suzanne Collins","avontuur, dystopisch, fantasy, science-fiction, young adult","Tweede graad","Engelstalige fictie","9789098303699","https://books.google.com/books/content?vid=isbn:9789098303699&printsec=frontcover&img=1&zoom=1"
"The Hunger Games (The Hunger Games, #1)","Suzanne Collins","dystopisch, fantasy, spanning, vriendschap, young adult, romance","Tweede graad","Engelstalige fictie","9789080196976","https://books.google.com/books/content?vid=isbn:9789080196976&printsec=frontcover&img=1&zoom=1"
"Insurgent (Divergent, #2)","Veronica Roth","avontuur, dystopisch, fantasy, science-fiction, young adult","Tweede graad","Engelstalige fictie","9789069303242","https://books.google.com/books/content?vid=isbn:9789069303242&printsec=frontcover&img=1&zoom=1"
"Divergent (Divergent, #1)","Veronica Roth","young adult, avontuur, dystopisch, fantasy, science-fiction, romance","Tweede graad","Engelstalige fictie","9789093486051","https://books.google.com/books/content?vid=isbn:9789093486051&printsec=frontcover&img=1&zoom=1"
"Aan de andere kant van de deur","Tonke Dragt","fantasy, young adult, avontuur","Eerste graad","Nederlandstalige fictie","9789017719811","https://books.google.com/books/content?vid=isbn:9789017719811&printsec=frontcover&img=1&zoom=1"
"Raspoetin","Guy Didelez","spanning, historisch, avontuur","Tweede graad","Nederlandstalige fictie","9789035047422","https://books.google.com/books/content?vid=isbn:9789035047422&printsec=frontcover&img=1&zoom=1"
"Legend (Legend, #1)","Marie Lu","avontuur, dystopisch, young adult, fantasy, romance","Tweede graad","Engelstalige fictie","9789079167101","https://books.google.com/books/content?vid=isbn:9789079167101&printsec=frontcover&img=1&zoom=1"
"Zolang te water","Simon Vinkenoog","poëzie, identiteit, kunst","Derde graad","Poëzie","9789073044909","https://books.google.com/books/content?vid=isbn:9789073044909&printsec=frontcover&img=1&zoom=1"
"De roedel wolven","Vasil Bykov","historisch, oorlog, spanning","Derde graad","Nederlandstalige fictie","9789061690972","https://books.google.com/books/content?vid=isbn:9789061690972&printsec=frontcover&img=1&zoom=1"
"De dag van Eden","Liz Flanagan","avontuur, coming of age, mental health, mysterie, vriendschap","Tweede graad","Nederlandstalige fictie","9789011887961","https://books.google.com/books/content?vid=isbn:9789011887961&printsec=frontcover&img=1&zoom=1"
"Eleanor & Park","Rainbow Rowell","romance, young adult, coming of age","Derde graad","Nederlandstalige fictie","9789097978684","https://books.google.com/books/content?vid=isbn:9789097978684&printsec=frontcover&img=1&zoom=1"
"De glazen vogel","Gerda van Erkel","romance, mysterie, verlies","Eerste graad","Nederlandstalige fictie","9789065732144","https://books.google.com/books/content?vid=isbn:9789065732144&printsec=frontcover&img=1&zoom=1"
"Spiegelmeisje","Astrid Witte","mysterie, young adult, fantasy, historisch","Eerste graad","Nederlandstalige fictie","9789081232617","https://books.google.com/books/content?vid=isbn:9789081232617&printsec=frontcover&img=1&zoom=1"
"Nooit meer thuis","Martine Letterie","mysterie, familie, migratie","Eerste graad","Nederlandstalige fictie","9789010538394","https://books.google.com/books/content?vid=isbn:9789010538394&printsec=frontcover&img=1&zoom=1"
"Versnelling","Jennifer Bradbury","mysterie, avontuur, vriendschap, young adult, coming of age","Eerste graad","Nederlandstalige fictie","9789092018802","https://books.google.com/books/content?vid=isbn:9789092018802&printsec=frontcover&img=1&zoom=1"
"Naar de top","Dan Gemeinhart","vriendschap, familie, young adult, avontuur","Eerste graad","Nederlandstalige fictie","9789093172084","https://books.google.com/books/content?vid=isbn:9789093172084&printsec=frontcover&img=1&zoom=1"
"Al wat goud op de bergen is","C Pam Zhang","historisch, queer, avontuur","Eerste graad","Nederlandstalige fictie","9789093177233","https://books.google.com/books/content?vid=isbn:9789093177233&printsec=frontcover&img=1&zoom=1"
"Vroeger is alles wat ik van je heb","Adam Silvera","queer, young adult, mental health, romance","Eerste graad","Nederlandstalige fictie","9789035044822","https://books.google.com/books/content?vid=isbn:9789035044822&printsec=frontcover&img=1&zoom=1"
"Meer gelukkig dan niet","Adam Silvera","young adult, queer, science-fiction","Eerste graad","Nederlandstalige fictie","9789098378978","https://books.google.com/books/content?vid=isbn:9789098378978&printsec=frontcover&img=1&zoom=1"
"Handleiding voor poetsvrouwen","Lucia Berlin","kortverhalen, identiteit","Eerste graad","Nederlandstalige fictie","9789010097135","https://books.google.com/books/content?vid=isbn:9789010097135&printsec=frontcover&img=1&zoom=1"
"Reflex","Rowena Akinyemi","spanning, mysterie, misdaad","Eerste graad","Nederlandstalige fictie","9789090051191","https://books.google.com/books/content?vid=isbn:9789090051191&printsec=frontcover&img=1&zoom=1"
"I Never Promised You A Rose Garden","Joanne Greenberg","mental health, psychologisch","Eerste graad","Engelstalige fictie","9789069479994","https://books.google.com/books/content?vid=isbn:9789069479994&printsec=frontcover&img=1&zoom=1"
"Charlie Wallace","Stan van Elderen","young adult, vriendschap, spanning, mysterie","Eerste graad","Nederlandstalige fictie","9789049231593","https://books.google.com/books/content?vid=isbn:9789049231593&printsec=frontcover&img=1&zoom=1"
"De wetten","Connie Palmen","filosofie, identiteit, psychologisch","Eerste graad","Nederlandstalige fictie","9789022901877","https://books.google.com/books/content?vid=isbn:9789022901877&printsec=frontcover&img=1&zoom=1"
"Meisjes van krijt","Lara Taveirne","familie, mysterie","Eerste graad","Nederlandstalige fictie","9789021338788","https://books.google.com/books/content?vid=isbn:9789021338788&printsec=frontcover&img=1&zoom=1"
"Een revolverschot","Virginie Loveling","spanning, verlies, psychologisch, misdaad, familie","Eerste graad","Nederlandstalige fictie","9789030602317","https://books.google.com/books/content?vid=isbn:9789030602317&printsec=frontcover&img=1&zoom=1"
"Trofee","Gaea Schoeters","politiek, avontuur, psychologisch, thriller","Derde graad","Nederlandstalige fictie","9789037053718","https://books.google.com/books/content?vid=isbn:9789037053718&printsec=frontcover&img=1&zoom=1"
"Het geschenk","Gaea Schoeters","politiek, filosofie, identiteit, migratie","Derde graad","Nederlandstalige fictie","9789079323168","https://books.google.com/books/content?vid=isbn:9789079323168&printsec=frontcover&img=1&zoom=1"
"Love Me","Gemma Weekes","romance, young adult, coming of age","Tweede graad","Engelstalige fictie","9789042958304","https://books.google.com/books/content?vid=isbn:9789042958304&printsec=frontcover&img=1&zoom=1"
"Lottery","Patricia Wood","familie, coming of age","Derde graad","Engelstalige fictie","9789075377875","https://books.google.com/books/content?vid=isbn:9789075377875&printsec=frontcover&img=1&zoom=1"
"The Lovely Bones","Alice Sebold","mysterie, verlies, psychologisch","Derde graad","Engelstalige fictie","9789081776297","https://books.google.com/books/content?vid=isbn:9789081776297&printsec=frontcover&img=1&zoom=1"
"A Town Like Alice","Nevil Shute","historisch, romance, avontuur","Derde graad","Engelstalige fictie","9789029823533","https://books.google.com/books/content?vid=isbn:9789029823533&printsec=frontcover&img=1&zoom=1"
"Einhart der Lächler; Roman. Volume V2 1915 [Leather Bound]","Carl Hauptmann","historisch, klassieker, identiteit","Derde graad","Duitstalige fictie","9789020494460","https://books.google.com/books/content?vid=isbn:9789020494460&printsec=frontcover&img=1&zoom=1"
"Mr Penumbra's 24 Hour Bookstore (Mr. Penumbra's 24-Hour Bookstore, #1)","Robin Sloan","mysterie, avontuur, technologie","Tweede graad","Engelstalige fictie","9789047707023","https://books.google.com/books/content?vid=isbn:9789047707023&printsec=frontcover&img=1&zoom=1"
"Babel","R.F. Kuang","fantasy, historisch, talen, dark academia","Derde graad","Engelstalige fictie","9789011171720","https://books.google.com/books/content?vid=isbn:9789011171720&printsec=frontcover&img=1&zoom=1"
"Close Encounters of the Third Kind","Steven Spielberg","science-fiction, avontuur, buitenaards","Eerste graad","Engelstalige fictie","9789047501690","https://books.google.com/books/content?vid=isbn:9789047501690&printsec=frontcover&img=1&zoom=1"
"The Cactus My Uncle Gave Me","F.R. Van Canneyt","poëzie, kunst, identiteit","Eerste graad","Engelstalige fictie","9789064131728","https://books.google.com/books/content?vid=isbn:9789064131728&printsec=frontcover&img=1&zoom=1"
"Die Erzieherin von Königin Luise","Claudia von Geliciu","historisch, biografie","Derde graad","Duitstalige fictie","9789048993857","https://books.google.com/books/content?vid=isbn:9789048993857&printsec=frontcover&img=1&zoom=1"
"Hyperbole & A Half","Alexandra Brosh","autobiografie, mental health, humor","Eerste graad","Graphic novels","9789045106522","https://books.google.com/books/content?vid=isbn:9789045106522&printsec=frontcover&img=1&zoom=1"
"The Midnight Library (The Midnight World, #1)","Matt Haig","filosofie, fantasy, mental health, coming of age","Tweede graad","Engelstalige fictie","9789087443487","https://books.google.com/books/content?vid=isbn:9789087443487&printsec=frontcover&img=1&zoom=1"
"Artemis Fowl (Artemis Fowl, #1)","Eoin Colfer","avontuur, fantasy, actie, humor","Eerste graad","Engelstalige fictie","9789076692941","https://books.google.com/books/content?vid=isbn:9789076692941&printsec=frontcover&img=1&zoom=1"
"Ranger More People of Our Time","Christian","non-fictie, biografie, identiteit","Tweede graad","Engelstalige fictie","9789025887746","https://books.google.com/books/content?vid=isbn:9789025887746&printsec=frontcover&img=1&zoom=1"
"Oliver Twist","Latif Doss","klassieker, avontuur","Eerste graad","Engelstalige fictie","9789068045336","https://books.google.com/books/content?vid=isbn:9789068045336&printsec=frontcover&img=1&zoom=1"
"Such a Fun Age","Kiley Reid","actueel, ras, familie","Derde graad","Engelstalige fictie","9789086519840","https://books.google.com/books/content?vid=isbn:9789086519840&printsec=frontcover&img=1&zoom=1"
"A Storm of Swords (A Song of Ice and Fire, #3)","George R.R. Martin","fantasy, avontuur, politiek, spanning","Derde graad","Engelstalige fictie","9789026121626","https://books.google.com/books/content?vid=isbn:9789026121626&printsec=frontcover&img=1&zoom=1"
"A Game of Thrones (A Song of Ice and Fire, #1)","George R.R. Martin","fantasy, avontuur, politiek, spanning","Derde graad","Engelstalige fictie","9789065599191","https://books.google.com/books/content?vid=isbn:9789065599191&printsec=frontcover&img=1&zoom=1"
"A Clash of Kings (A Song of Ice and Fire, #2)","George R.R. Martin","fantasy, avontuur, politiek, spanning","Derde graad","Engelstalige fictie","9789050732963","https://books.google.com/books/content?vid=isbn:9789050732963&printsec=frontcover&img=1&zoom=1"
"A Feast for Crows (A Song of Ice and Fire, #4)","George R.R. Martin","fantasy, avontuur, politiek, spanning","Derde graad","Engelstalige fictie","9789097865592","https://books.google.com/books/content?vid=isbn:9789097865592&printsec=frontcover&img=1&zoom=1"
"A Dance with Dragons (A Song of Ice and Fire, #5)","George R.R. Martin","fantasy, avontuur, politiek, spanning","Derde graad","Engelstalige fictie","9789079122874","https://books.google.com/books/content?vid=isbn:9789079122874&printsec=frontcover&img=1&zoom=1"
"The Vanishing Half","Brit Bennett","familie, identiteit, historisch","Derde graad","Engelstalige fictie","9789085793551","https://books.google.com/books/content?vid=isbn:9789085793551&printsec=frontcover&img=1&zoom=1"
"The Catcher in the Rye","J.D. Salinger","coming of age, klassieker, psychologisch","Derde graad","Engelstalige fictie","9789082609278","https://books.google.com/books/content?vid=isbn:9789082609278&printsec=frontcover&img=1&zoom=1"
"Catching Fire (The Hunger Games, #2)","Suzanne Collins","avontuur, dystopisch, spanning, science-fiction, young adult","Tweede graad","Engelstalige fictie","9789026041518","https://books.google.com/books/content?vid=isbn:9789026041518&printsec=frontcover&img=1&zoom=1"
"Penguin Modern English Language Reader (Language & Lit)","Ronald Carter","talen, educatief","Tweede graad","Engelstalige fictie","9789012411953","https://books.google.com/books/content?vid=isbn:9789012411953&printsec=frontcover&img=1&zoom=1"
"Stories of Detection and Mystery","DJ Mortimer","mysterie, spanning, detective","Tweede graad","Engelstalige fictie","9789037245167","https://books.google.com/books/content?vid=isbn:9789037245167&printsec=frontcover&img=1&zoom=1"
"Sherlock Holmes Short Stories","Clare West","mysterie, detective, klassieker","Tweede graad","Engelstalige fictie","9789088863186","https://books.google.com/books/content?vid=isbn:9789088863186&printsec=frontcover&img=1&zoom=1"
"Prachtige wereld, waar ben je","Sally Rooney","coming of age, identiteit, romance, vriendschap, keuzes","Derde graad","Nederlandstalige fictie","9789019602686","https://books.google.com/books/content?vid=isbn:9789019602686&printsec=frontcover&img=1&zoom=1"
"Death of a Salesman","Arthur Miller","klassieker, tragedie","Derde graad","Engelstalige fictie","9789010354994","https://books.google.com/books/content?vid=isbn:9789010354994&printsec=frontcover&img=1&zoom=1"
"Julius Caesar","William Shakespeare","klassieker, historisch","Derde graad","Engelstalige fictie","9789084543926","https://books.google.com/books/content?vid=isbn:9789084543926&printsec=frontcover&img=1&zoom=1"
"The Wind Singer (Wind on Fire trilogy, #1)","William Nicholson","fantasy, avontuur, dystopisch","Tweede graad","Engelstalige fictie","9789089732583","https://books.google.com/books/content?vid=isbn:9789089732583&printsec=frontcover&img=1&zoom=1"
"Close Range: Brokeback Mountain and Other stories","Annie Proulx","kortverhalen, romance","Derde graad","Engelstalige fictie","9789058613220","https://books.google.com/books/content?vid=isbn:9789058613220&printsec=frontcover&img=1&zoom=1"
"Tamar","Mal Peet","historisch, mysterie, spanning, verlies","Tweede graad","Nederlandstalige fictie","9789098831625","https://books.google.com/books/content?vid=isbn:9789098831625&printsec=frontcover&img=1&zoom=1"
"Cry, the Beloved Country","Alan Paton","historisch, sociaal, klassieker","Derde graad","Engelstalige fictie","9789019361519","https://books.google.com/books/content?vid=isbn:9789019361519&printsec=frontcover&img=1&zoom=1"
"Will Grayson, Will Grayson (Will Grayson, Will Grayson, #1)","John Green","queer, young adult, romance, vriendschap","Tweede graad","Engelstalige fictie","9789088116148","https://books.google.com/books/content?vid=isbn:9789088116148&printsec=frontcover&img=1&zoom=1"
"Enduring Love","Ian McEwan","psychologisch, thriller, verlies","Derde graad","Engelstalige fictie","9789035791588","https://books.google.com/books/content?vid=isbn:9789035791588&printsec=frontcover&img=1&zoom=1"
"I Am Legend","Richard Matheson","horror, science-fiction, spanning, klassieker","Derde graad","Engelstalige fictie","9789023129712","https://books.google.com/books/content?vid=isbn:9789023129712&printsec=frontcover&img=1&zoom=1"
"Prisoners of war, and other stories","Guy de Maupassant","oorlog, kortverhalen, klassieker","Derde graad","Franstalige fictie","9789021227091","https://books.google.com/books/content?vid=isbn:9789021227091&printsec=frontcover&img=1&zoom=1"
"Allegiant (Divergent, #3)","Veronica Roth","avontuur, dystopisch, science-fiction, young adult","Tweede graad","Engelstalige fictie","9789048535131","https://books.google.com/books/content?vid=isbn:9789048535131&printsec=frontcover&img=1&zoom=1"
"Into the future","John Milne","science-fiction, avontuur, spanning","Tweede graad","Engelstalige fictie","9789050336929","https://books.google.com/books/content?vid=isbn:9789050336929&printsec=frontcover&img=1&zoom=1"
"Murder Must Advertise (Lord Peter Wimsey, #10)","Dorothy L. Sayers","mysterie, detective, klassieker, spanning","Derde graad","Engelstalige fictie","9789016517341","https://books.google.com/books/content?vid=isbn:9789016517341&printsec=frontcover&img=1&zoom=1"
"Just in Case","Meg Rosoff","coming of age, mysterie","Tweede graad","Engelstalige fictie","9789078687739","https://books.google.com/books/content?vid=isbn:9789078687739&printsec=frontcover&img=1&zoom=1"
"By the River","Steven Herrick","poëzie, coming of age, familie","Tweede graad","Engelstalige fictie","9789095654234","https://books.google.com/books/content?vid=isbn:9789095654234&printsec=frontcover&img=1&zoom=1"
"Blue Diary","Alice Hoffman","familie, geheimen","Derde graad","Engelstalige fictie","9789043467855","https://books.google.com/books/content?vid=isbn:9789043467855&printsec=frontcover&img=1&zoom=1"
"Stories for Reproduction: Advanced: Book (Series 2)","Unknown Author","educatief, kortverhalen, talen","Tweede graad","Engelstalige fictie","9789049103716","https://books.google.com/books/content?vid=isbn:9789049103716&printsec=frontcover&img=1&zoom=1"
"Intermediate Stories for Reproduction: Second Series","Leslie Alexander Hill","educatief, kortverhalen, talen","Derde graad","Engelstalige fictie","9789031447874","https://books.google.com/books/content?vid=isbn:9789031447874&printsec=frontcover&img=1&zoom=1"
"The Millstone","Margaret Drabble","identiteit, psychologisch","Derde graad","Engelstalige fictie","9789084914231","https://books.google.com/books/content?vid=isbn:9789084914231&printsec=frontcover&img=1&zoom=1"
"The Uncommon Reader","Alan Bennett","humor, identiteit","Derde graad","Engelstalige fictie","9789011525699","https://books.google.com/books/content?vid=isbn:9789011525699&printsec=frontcover&img=1&zoom=1"
"The Sense of an Ending","Julian Barnes","psychologisch, verlies, identiteit","Derde graad","Engelstalige fictie","9789026381758","https://books.google.com/books/content?vid=isbn:9789026381758&printsec=frontcover&img=1&zoom=1"
"Oxford Bookworms 6. Enemy","Ralph Mowat","spanning, mysterie","Tweede graad","Engelstalige fictie","9789044926184","https://books.google.com/books/content?vid=isbn:9789044926184&printsec=frontcover&img=1&zoom=1"
"Selected Stories of Roald Dahl","Roald Dahl","kortverhalen, humor, mysterie","Eerste graad","Engelstalige fictie","9789031704571","https://books.google.com/books/content?vid=isbn:9789031704571&printsec=frontcover&img=1&zoom=1"
"Oxford Guide To British And American Culture","Various","non-fictie, educatief, identiteit","Tweede graad","Engelstalige fictie","9789050024784","https://books.google.com/books/content?vid=isbn:9789050024784&printsec=frontcover&img=1&zoom=1"
"The Penelopiad","Margaret Atwood","klassieker, mythologie, identiteit","Derde graad","Engelstalige fictie","9789035845488","https://books.google.com/books/content?vid=isbn:9789035845488&printsec=frontcover&img=1&zoom=1"
"Advanced Stories For Reproduction: Series 2","Leslie Alexander Hill","educatief, kortverhalen, talen","Tweede graad","Engelstalige fictie","9789059567268","https://books.google.com/books/content?vid=isbn:9789059567268&printsec=frontcover&img=1&zoom=1"
"Life After Life (Todd Family, #1)","Kate Atkinson","historisch, identiteit, fantasie","Derde graad","Engelstalige fictie","9789011287838","https://books.google.com/books/content?vid=isbn:9789011287838&printsec=frontcover&img=1&zoom=1"
"EQUUS. SHRIVINGS.","Peter Shaffer","toneelstuk, psychologisch","Derde graad","Engelstalige fictie","9789059057791","https://books.google.com/books/content?vid=isbn:9789059057791&printsec=frontcover&img=1&zoom=1"
"The tragedy of Macbeth. By William Shakespeare","William Shakespeare","klassieker, toneelstuk, tragedie","Derde graad","Engelstalige fictie","9789032003701","https://books.google.com/books/content?vid=isbn:9789032003701&printsec=frontcover&img=1&zoom=1"
"Lady Procious Stream: An old Chinese play done into English","S.I. Hsiung","toneelstuk, klassieker","Derde graad","Engelstalige fictie","9789027538608","https://books.google.com/books/content?vid=isbn:9789027538608&printsec=frontcover&img=1&zoom=1"
"Educating Rita","Willy Russell","toneelstuk, humor, educatief","Tweede graad","Engelstalige fictie","9789035463784","https://books.google.com/books/content?vid=isbn:9789035463784&printsec=frontcover&img=1&zoom=1"
"Six Short Plays of Eugene O'Neill","Eugene O'Neill","toneelstuk, klassieker","Derde graad","Engelstalige fictie","9789044508345","https://books.google.com/books/content?vid=isbn:9789044508345&printsec=frontcover&img=1&zoom=1"
"Spring and Port Wine","Bill Naughton","toneelstuk, familie","Tweede graad","Engelstalige fictie","9789043358034","https://books.google.com/books/content?vid=isbn:9789043358034&printsec=frontcover&img=1&zoom=1"
"The Reluctant Fundamentalist","Mohsin Hamid","actueel, psychologisch, spanning","Derde graad","Engelstalige fictie","9789092806004","https://books.google.com/books/content?vid=isbn:9789092806004&printsec=frontcover&img=1&zoom=1"
"Notes on a Scandal","Zoë Heller","psychologisch, spanning","Derde graad","Engelstalige fictie","9789018321946","https://books.google.com/books/content?vid=isbn:9789018321946&printsec=frontcover&img=1&zoom=1"
"Tess of the D'Urbervilles","Various Authors","klassieker, verlies","Derde graad","Engelstalige fictie","9789055331450","https://books.google.com/books/content?vid=isbn:9789055331450&printsec=frontcover&img=1&zoom=1"
"17. juni 1953","Hubertus Knabe","historisch, non-fictie","Derde graad","Duitstalige fictie","9789064648892","https://books.google.com/books/content?vid=isbn:9789064648892&printsec=frontcover&img=1&zoom=1"
"Dune (Dune, #1)","Frank Herbert","science-fiction, avontuur, politiek, klassieker","Derde graad","Engelstalige fictie","9789052912657","https://books.google.com/books/content?vid=isbn:9789052912657&printsec=frontcover&img=1&zoom=1"
"About a Boy","Nick Hornby","humor, vriendschap, coming of age","Tweede graad","Engelstalige fictie","9789080076740","https://books.google.com/books/content?vid=isbn:9789080076740&printsec=frontcover&img=1&zoom=1"
"Paper Towns","John Green","coming of age, mysterie, romance, young adult","Tweede graad","Engelstalige fictie","9789028321772","https://books.google.com/books/content?vid=isbn:9789028321772&printsec=frontcover&img=1&zoom=1"
"The Quiet American","Graham Greene","historisch, politiek, spanning","Derde graad","Engelstalige fictie","9789099381365","https://books.google.com/books/content?vid=isbn:9789099381365&printsec=frontcover&img=1&zoom=1"
"The Curious Incident of the Dog in the Night-Time","Mark Haddon","mysterie, mental health, familie","Tweede graad","Engelstalige fictie","9789034265402","https://books.google.com/books/content?vid=isbn:9789034265402&printsec=frontcover&img=1&zoom=1"
"Slam","Nick Hornby","coming of age, familie, young adult","Tweede graad","Engelstalige fictie","9789016854155","https://books.google.com/books/content?vid=isbn:9789016854155&printsec=frontcover&img=1&zoom=1"
"The Invention of Wings","Sue Monk Kidd","historisch, identiteit","Derde graad","Engelstalige fictie","9789016534663","https://books.google.com/books/content?vid=isbn:9789016534663&printsec=frontcover&img=1&zoom=1"
"The Secret Life of Bees","Sue Monk Kidd","familie, verlies, coming of age","Tweede graad","Engelstalige fictie","9789050887821","https://books.google.com/books/content?vid=isbn:9789050887821&printsec=frontcover&img=1&zoom=1"
"Girl in Translation","Jean Kwok","migratie, coming of age","Tweede graad","Engelstalige fictie","9789067948988","https://books.google.com/books/content?vid=isbn:9789067948988&printsec=frontcover&img=1&zoom=1"
"Gifted","Nikita Lalwani","familie, educatief","Tweede graad","Engelstalige fictie","9789076587352","https://books.google.com/books/content?vid=isbn:9789076587352&printsec=frontcover&img=1&zoom=1"
"Picnic at Hanging Rock (Hanging Rock, #1)","Joan Lindsay","mysterie, klassieker, spanning","Derde graad","Engelstalige fictie","9789048789852","https://books.google.com/books/content?vid=isbn:9789048789852&printsec=frontcover&img=1&zoom=1"
"Angela's Ashes","Frank McCourt","autobiografie, familie, humor","Derde graad","Nederlandstalige fictie","9789039005220","https://books.google.com/books/content?vid=isbn:9789039005220&printsec=frontcover&img=1&zoom=1"
"Stories from Shakespeare: The Complete Plays","Marchette Gaylord Chute","klassieker, toneelstuk, identiteit","Derde graad","Engelstalige fictie","9789039388545","https://books.google.com/books/content?vid=isbn:9789039388545&printsec=frontcover&img=1&zoom=1"
"How I Live Now","Meg Rosoff","oorlog, dystopisch, coming of age, young adult","Tweede graad","Engelstalige fictie","9789077459213","https://books.google.com/books/content?vid=isbn:9789077459213&printsec=frontcover&img=1&zoom=1"
"Dear Fahrenheit 451: Love and Heartbreak in the Stacks","Annie Spence","non-fictie, identiteit","Derde graad","Engelstalige fictie","9789053712631","https://books.google.com/books/content?vid=isbn:9789053712631&printsec=frontcover&img=1&zoom=1"
"Oxford Bookworms 5: Ghost Stories","Various","horror, mysterie, spanning","Tweede graad","Engelstalige fictie","9789072679930","https://books.google.com/books/content?vid=isbn:9789072679930&printsec=frontcover&img=1&zoom=1"
"Seven One-Act Plays","Donn Byrne","toneelstuk, kortverhalen, educatief","Tweede graad","Engelstalige fictie","9789087113273","https://books.google.com/books/content?vid=isbn:9789087113273&printsec=frontcover&img=1&zoom=1"
"A Man for All Seasons: A Play in Two Acts","Robert Bolt","toneelstuk, historisch, klassieker","Derde graad","Engelstalige fictie","9789085414584","https://books.google.com/books/content?vid=isbn:9789085414584&printsec=frontcover&img=1&zoom=1"
"A Street Cat Named Bob: How One Man and His Cat Found Hope on the Streets","James Bowen","autobiografie, dieren, vriendschap","Tweede graad","Engelstalige fictie","9789047283280","https://books.google.com/books/content?vid=isbn:9789047283280&printsec=frontcover&img=1&zoom=1"
"Hold Tight","Harlan Coben","spanning, mysterie, thriller, familie","Derde graad","Engelstalige fictie","9789041645085","https://books.google.com/books/content?vid=isbn:9789041645085&printsec=frontcover&img=1&zoom=1"
"Girl with a Pearl Earring","Tracy Chevalier","historisch, kunst, romance","Derde graad","Engelstalige fictie","9789055649851","https://books.google.com/books/content?vid=isbn:9789055649851&printsec=frontcover&img=1&zoom=1"
"The Lady and the Unicorn","Tracy Chevalier","historisch, kunst, klassieker","Derde graad","Engelstalige fictie","9789055734598","https://books.google.com/books/content?vid=isbn:9789055734598&printsec=frontcover&img=1&zoom=1"
"Burning Bright","Tracy Chevalier","historisch, identiteit","Derde graad","Engelstalige fictie","9789075487958","https://books.google.com/books/content?vid=isbn:9789075487958&printsec=frontcover&img=1&zoom=1"
"Silas Marner","Margaret Tarner","klassieker, verlies, familie","Tweede graad","Engelstalige fictie","9789064251281","https://books.google.com/books/content?vid=isbn:9789064251281&printsec=frontcover&img=1&zoom=1"
"The History of Love","Nicole Krauss","verlies, vriendschap, familie, identiteit","Derde graad","Engelstalige fictie","9789052792829","https://books.google.com/books/content?vid=isbn:9789052792829&printsec=frontcover&img=1&zoom=1"
"You Don't Know Me","David Klass","young adult, spanning","Tweede graad","Engelstalige fictie","9789053491391","https://books.google.com/books/content?vid=isbn:9789053491391&printsec=frontcover&img=1&zoom=1"
"Dead Famous","Ben Elton","humor, mysterie, satire, spanning","Derde graad","Engelstalige fictie","9789081194535","https://books.google.com/books/content?vid=isbn:9789081194535&printsec=frontcover&img=1&zoom=1"
"Beneath the Skin","Nicci French","spanning, psychologisch, thriller, mysterie","Derde graad","Engelstalige fictie","9789081497208","https://books.google.com/books/content?vid=isbn:9789081497208&printsec=frontcover&img=1&zoom=1"
"Slaughterhouse-Five","Kurt Vonnegut Jr.","oorlog, science-fiction, klassieker, satire","Derde graad","Engelstalige fictie","9789028944949","https://books.google.com/books/content?vid=isbn:9789028944949&printsec=frontcover&img=1&zoom=1"
"The Accidental Tourist","Various Authors","familie, verlies","Derde graad","Engelstalige fictie","9789041143600","https://books.google.com/books/content?vid=isbn:9789041143600&printsec=frontcover&img=1&zoom=1"
"Noah's Ark and Other Stories (Easy Reader)","Alan Sillitoe","kortverhalen, klassieker","Eerste graad","Engelstalige fictie","9789081441018","https://books.google.com/books/content?vid=isbn:9789081441018&printsec=frontcover&img=1&zoom=1"
"The Growing Pains of Adrian Mole (Adrian Mole, #2)","Sue Townsend","humor, coming of age, young adult","Tweede graad","Engelstalige fictie","9789098218033","https://books.google.com/books/content?vid=isbn:9789098218033&printsec=frontcover&img=1&zoom=1"
"Wilhelm Tell","Friedrich Schiller","klassieker, historisch, toneelstuk","Derde graad","Duitstalige fictie","9789069675411","https://books.google.com/books/content?vid=isbn:9789069675411&printsec=frontcover&img=1&zoom=1"
"Dreizehnlinden","Friedrich Wilhelm Weber","klassieker, poëzie, historisch","Derde graad","Duitstalige fictie","9789064097385","https://books.google.com/books/content?vid=isbn:9789064097385&printsec=frontcover&img=1&zoom=1"
"Iphigenie auf Tauris","Johann Wolfgang von Goethe","klassieker, toneelstuk, mythologie","Derde graad","Duitstalige fictie","9789030418374","https://books.google.com/books/content?vid=isbn:9789030418374&printsec=frontcover&img=1&zoom=1"
"Under Milk Wood","Dylan Thomas","poëzie, klassieker, identiteit","Derde graad","Engelstalige fictie","9789093084166","https://books.google.com/books/content?vid=isbn:9789093084166&printsec=frontcover&img=1&zoom=1"
"Remarkable Creatures","Tracy Chevalier","historisch, wetenschap","Derde graad","Engelstalige fictie","9789063445124","https://books.google.com/books/content?vid=isbn:9789063445124&printsec=frontcover&img=1&zoom=1"
"A Taste of Honey","Shelagh Delaney","toneelstuk, coming of age","Tweede graad","Engelstalige fictie","9789030852966","https://books.google.com/books/content?vid=isbn:9789030852966&printsec=frontcover&img=1&zoom=1"
"Room","Emma Donoghue","spanning, psychologisch, familie","Derde graad","Engelstalige fictie","9789072117932","https://books.google.com/books/content?vid=isbn:9789072117932&printsec=frontcover&img=1&zoom=1"
"Am kürzeren Ende der Sonnenallee","Thomas Brussig","historisch, humor, satire","Derde graad","Duitstalige fictie","9789059305158","https://books.google.com/books/content?vid=isbn:9789059305158&printsec=frontcover&img=1&zoom=1"
"Faust. Der Tragödien Erster Teil","Johann Wolfgang von Goethe","klassieker, toneelstuk, filosofie","Derde graad","Duitstalige fictie","9789010064114","https://books.google.com/books/content?vid=isbn:9789010064114&printsec=frontcover&img=1&zoom=1"
"Trainspotting (Mark Renton, #2)","Irvine Welsh","misdaad","Derde graad","Engelstalige fictie","9789044435409","https://books.google.com/books/content?vid=isbn:9789044435409&printsec=frontcover&img=1&zoom=1"
"Girls Under Pressure (Girts, #2)","Jacqueline Wilson","young adult, mental health, coming of age","Tweede graad","Engelstalige fictie","9789062795767","https://books.google.com/books/content?vid=isbn:9789062795767&printsec=frontcover&img=1&zoom=1"
"The Immortal Life of Henrietta Lacks","Rebecca Skloot","wetenschap, non-fictie, biografie, ethiek","Derde graad","Engelstalige fictie","9789082447913","https://books.google.com/books/content?vid=isbn:9789082447913&printsec=frontcover&img=1&zoom=1"
"Spiked!","Sandra Glover","spanning, mysterie, young adult","Tweede graad","Engelstalige fictie","9789093755842","https://books.google.com/books/content?vid=isbn:9789093755842&printsec=frontcover&img=1&zoom=1"
"The Toll Bridge","Aidan Chambers","coming of age, romance, young adult","Tweede graad","Engelstalige fictie","9789023893908","https://books.google.com/books/content?vid=isbn:9789023893908&printsec=frontcover&img=1&zoom=1"
"The Canterbury Tales","Michael West","klassieker, middeleeuwen","Derde graad","Engelstalige fictie","9789064911953","https://books.google.com/books/content?vid=isbn:9789064911953&printsec=frontcover&img=1&zoom=1"
"Twentieth Century English Short Stories","Tina Pierce","kortverhalen, identiteit","Tweede graad","Engelstalige fictie","9789060853303","https://books.google.com/books/content?vid=isbn:9789060853303&printsec=frontcover&img=1&zoom=1"
"King Arthur and the Knights of the Round Table","D.K. Swan","avontuur, klassieker, mythologie","Eerste graad","Engelstalige fictie","9789034141250","https://books.google.com/books/content?vid=isbn:9789034141250&printsec=frontcover&img=1&zoom=1"
"The Wind in the Willows (Longman ELT Classics Readers: Level 3)","Kenneth Grahame","klassieker, avontuur, dieren","Eerste graad","Engelstalige fictie","9789050115869","https://books.google.com/books/content?vid=isbn:9789050115869&printsec=frontcover&img=1&zoom=1"
"""The Man with the Scar"" and Other Stories (Longman Adv. Reader)","Saki","kortverhalen, mysterie, klassieker","Tweede graad","Engelstalige fictie","9789021935666","https://books.google.com/books/content?vid=isbn:9789021935666&printsec=frontcover&img=1&zoom=1"
"The Canterville Ghost","Oscar Wilde","humor, klassieker, mysterie, fantasy","Tweede graad","Engelstalige fictie","9789041858356","https://books.google.com/books/content?vid=isbn:9789041858356&printsec=frontcover&img=1&zoom=1"
"Dr. Jekyll and Mr. Hyde","Rosemary Border","klassieker, spanning, horror","Tweede graad","Engelstalige fictie","9789090995093","https://books.google.com/books/content?vid=isbn:9789090995093&printsec=frontcover&img=1&zoom=1"
"Short Stories for Today (Longman Study Texts)","Michael Marland","kortverhalen, identiteit","Tweede graad","Engelstalige fictie","9789034177710","https://books.google.com/books/content?vid=isbn:9789034177710&printsec=frontcover&img=1&zoom=1"
"Tortilla Flat","John Steinbeck","klassieker, humor","Derde graad","Engelstalige fictie","9789027468976","https://books.google.com/books/content?vid=isbn:9789027468976&printsec=frontcover&img=1&zoom=1"
"Kidnapped (Longman Classics, Stage 2)","Robert Louis Stevenson","avontuur, klassieker, historisch","Eerste graad","Engelstalige fictie","9789045852808","https://books.google.com/books/content?vid=isbn:9789045852808&printsec=frontcover&img=1&zoom=1"
"De Zondvloed","Jeroen Brouwers","familie, identiteit","Derde graad","Nederlandstalige fictie","9789086111518","https://books.google.com/books/content?vid=isbn:9789086111518&printsec=frontcover&img=1&zoom=1"
"Het jaar van de Kaaiman","Koen Meulenaere","humor, autobiografie, politiek","Derde graad","Nederlandstalige fictie","9789050829681","https://books.google.com/books/content?vid=isbn:9789050829681&printsec=frontcover&img=1&zoom=1"
"De dag dat Lester Saigon kwam: Een doorkijkroman","Walter van den Broeck","historisch, identiteit","Derde graad","Nederlandstalige fictie","9789084782367","https://books.google.com/books/content?vid=isbn:9789084782367&printsec=frontcover&img=1&zoom=1"
"De Koning","Kader Abdolah","historisch, migratie, identiteit","Derde graad","Nederlandstalige fictie","9789097026729","https://books.google.com/books/content?vid=isbn:9789097026729&printsec=frontcover&img=1&zoom=1"
"Dansboek 22: Groteske verhalen","Bart De Becker","kortverhalen, humor, identiteit","Derde graad","Nederlandstalige fictie","9789061988737","https://books.google.com/books/content?vid=isbn:9789061988737&printsec=frontcover&img=1&zoom=1"
"Mijn andere ik","Paul Theroux","reizen, psychologisch, identiteit","Derde graad","Nederlandstalige fictie","9789092705368","https://books.google.com/books/content?vid=isbn:9789092705368&printsec=frontcover&img=1&zoom=1"
"De Hobbit","J.R.R. Tolkien","avontuur, fantasy, vriendschap, young adult","Eerste graad","Nederlandstalige fictie","9789083052627","https://books.google.com/books/content?vid=isbn:9789083052627&printsec=frontcover&img=1&zoom=1"
"Vliegen tot de hemel: het verhaal van de Minotaurus","Michael De Cock","mythologie, avontuur","Eerste graad","Nederlandstalige fictie","9789083733653","https://books.google.com/books/content?vid=isbn:9789083733653&printsec=frontcover&img=1&zoom=1"
"Cubaanse dromen","Cristina García","historisch, magisch realisme, familie, identiteit","Derde graad","Nederlandstalige fictie","9789055438848","https://books.google.com/books/content?vid=isbn:9789055438848&printsec=frontcover&img=1&zoom=1"
"Sioux blues","Bavo Dhooge","spanning, misdaad, avontuur","Derde graad","Nederlandstalige fictie","9789089397413","https://books.google.com/books/content?vid=isbn:9789089397413&printsec=frontcover&img=1&zoom=1"
"Godenslaap","Erwin Mortier","historisch, familie, verlies","Derde graad","Nederlandstalige fictie","9789054995501","https://books.google.com/books/content?vid=isbn:9789054995501&printsec=frontcover&img=1&zoom=1"
"Sluitertijd","Erwin Mortier","familie, verlies","Derde graad","Nederlandstalige fictie","9789056813404","https://books.google.com/books/content?vid=isbn:9789056813404&printsec=frontcover&img=1&zoom=1"
"Vita Nuova","Bohumil Hrabal","literatuur, cultuur, humor","Derde graad","Nederlandstalige fictie","9789065024278","https://books.google.com/books/content?vid=isbn:9789065024278&printsec=frontcover&img=1&zoom=1"
"Vesalius: Een beroemd anatoom gevangen in de intriges van Joris Tulkens","Joris Tulkens","historisch, biografie, wetenschap","Derde graad","Nederlandstalige fictie","9789023202412","https://books.google.com/books/content?vid=isbn:9789023202412&printsec=frontcover&img=1&zoom=1"
"Een borrel met Barry","Christophe Vekeman","humor, literatuur, cultuur","Derde graad","Nederlandstalige fictie","9789047884922","https://books.google.com/books/content?vid=isbn:9789047884922&printsec=frontcover&img=1&zoom=1"
"De hemel van Hollywood","Leon de Winter","film, familie","Derde graad","Nederlandstalige fictie","9789045051656","https://books.google.com/books/content?vid=isbn:9789045051656&printsec=frontcover&img=1&zoom=1"
"Hendana (Dutch Edition)","Marcus Leroy","literatuur, cultuur","Derde graad","Nederlandstalige fictie","9789076784388","https://books.google.com/books/content?vid=isbn:9789076784388&printsec=frontcover&img=1&zoom=1"
"Orgelman: Felix Nussbaum. Een schildersleven","Mark Schaevers","historisch, biografie, kunst","Derde graad","Nederlandstalige fictie","9789086335250","https://books.google.com/books/content?vid=isbn:9789086335250&printsec=frontcover&img=1&zoom=1"
"De stad der blinden","José Saramago","dystopisch, science fiction, filosofie","Derde graad","Nederlandstalige fictie","9789043889526","https://books.google.com/books/content?vid=isbn:9789043889526&printsec=frontcover&img=1&zoom=1"
"Wolken en een beetje regen","Marc Hendrickx","literatuur, verlies","Derde graad","Nederlandstalige fictie","9789073818889","https://books.google.com/books/content?vid=isbn:9789073818889&printsec=frontcover&img=1&zoom=1"
"Vissen redden","Annelies Verbeke","literatuur, humor, cultuur","Derde graad","Nederlandstalige fictie","9789013209779","https://books.google.com/books/content?vid=isbn:9789013209779&printsec=frontcover&img=1&zoom=1"
"Memoires van een luipaard","Peter Verhelst","literatuur, fantasie, cultuur","Derde graad","Nederlandstalige fictie","9789072325880","https://books.google.com/books/content?vid=isbn:9789072325880&printsec=frontcover&img=1&zoom=1"
"Liefdesdood (Dutch Edition)","Oscar van den Boogaard","romance, verlies","Derde graad","Nederlandstalige fictie","9789067634056","https://books.google.com/books/content?vid=isbn:9789067634056&printsec=frontcover&img=1&zoom=1"
"De poes voldeed: Essays en kritieken","Paul van Ostaijen","poëzie, literatuur, essay","Derde graad","Poëzie","9789078656518","https://books.google.com/books/content?vid=isbn:9789078656518&printsec=frontcover&img=1&zoom=1"
"Terug op de plaats die ik nooit heb verlaten","Tobias Schiff","literatuur, reizen, verlies","Derde graad","Nederlandstalige fictie","9789046135993","https://books.google.com/books/content?vid=isbn:9789046135993&printsec=frontcover&img=1&zoom=1"
"Zuiderkruis","Pauline Slot","avontuur, mysterie, verlies, vriendschap","Derde graad","Nederlandstalige fictie","9789054715467","https://books.google.com/books/content?vid=isbn:9789054715467&printsec=frontcover&img=1&zoom=1"
"Het smelt","Lize Spit","literatuur, cultuur, humor","Derde graad","Nederlandstalige fictie","9789014754985","https://books.google.com/books/content?vid=isbn:9789014754985&printsec=frontcover&img=1&zoom=1"
"Molva","Hagar Peeters","poëzie, literatuur, cultuur","Derde graad","Nederlandstalige fictie","9789076248412","https://books.google.com/books/content?vid=isbn:9789076248412&printsec=frontcover&img=1&zoom=1"
"Zij kwamen uit het oosten","Chris De Stoop","misdaad, non-fictie, actueel","Derde graad","Nederlandstalige fictie","9789086572309","https://books.google.com/books/content?vid=isbn:9789086572309&printsec=frontcover&img=1&zoom=1"
"De geschiedenis van de monsterhonden","Kirsten Bakis","science fiction, fantasy, horror","Derde graad","Nederlandstalige fictie","9789097511276","https://books.google.com/books/content?vid=isbn:9789097511276&printsec=frontcover&img=1&zoom=1"
"Wie scheep gaat","Rascha Peper","vertrek, vriendschap, verlies","Derde graad","Nederlandstalige fictie","9789014441856","https://books.google.com/books/content?vid=isbn:9789014441856&printsec=frontcover&img=1&zoom=1"
"Over het kanaal","Annelies Beck","historisch, migratie","Derde graad","Nederlandstalige fictie","9789032239877","https://books.google.com/books/content?vid=isbn:9789032239877&printsec=frontcover&img=1&zoom=1"
"Achterhoedegevecht: voorheen stukjes en beetjes","J. Bimlep","vriendschap, coming of age, oorlog","Derde graad","Nederlandstalige fictie","9789039771514","https://books.google.com/books/content?vid=isbn:9789039771514&printsec=frontcover&img=1&zoom=1"
"De eenzaamheid van de priemgetallen","Paolo Giordano","romance, young adult, familie, school, coming of age, identiteit","Derde graad","Nederlandstalige fictie","9789072114353","https://books.google.com/books/content?vid=isbn:9789072114353&printsec=frontcover&img=1&zoom=1"
"De blinde muur (Wallander #8)","Henning Mankell","mysterie, spanning, misdaad","Derde graad","Nederlandstalige fictie","9789084494345","https://books.google.com/books/content?vid=isbn:9789084494345&printsec=frontcover&img=1&zoom=1"
"Bezeten van mij","Nicci French","misdaad, mysterie, romance, spanning","Derde graad","Nederlandstalige fictie","9789072113846","https://books.google.com/books/content?vid=isbn:9789072113846&printsec=frontcover&img=1&zoom=1"
"Het Bernini Mysterie (Robert Langdon, #1)","Dan Brown","mysterie, spanning, avontuur","Derde graad","Nederlandstalige fictie","9789051339541","https://books.google.com/books/content?vid=isbn:9789051339541&printsec=frontcover&img=1&zoom=1"
"Helena, Helena, mijn liefste","Luciano De Crescenzo","filosofie, humor, romance","Derde graad","Nederlandstalige fictie","9789087051198","https://books.google.com/books/content?vid=isbn:9789087051198&printsec=frontcover&img=1&zoom=1"
"Stiletto Libretto","Bavo Dhooge","spanning, misdaad, actie","Derde graad","Nederlandstalige fictie","9789018534583","https://books.google.com/books/content?vid=isbn:9789018534583&printsec=frontcover&img=1&zoom=1"
"Het uur van ongehoorzaamheid: Verhalen (Dutch Edition)","Joris Note","kortverhalen, literatuur, cultuur","Derde graad","Nederlandstalige fictie","9789021248990","https://books.google.com/books/content?vid=isbn:9789021248990&printsec=frontcover&img=1&zoom=1"
"Ongebundelde verhalen (Dutch Edition)","Felix Timmermans","kortverhalen, klassieker, cultuur","Derde graad","Nederlandstalige fictie","9789015083533","https://books.google.com/books/content?vid=isbn:9789015083533&printsec=frontcover&img=1&zoom=1"
"Boerenpsalm","Felix Timmermans","klassieker, literatuur, cultuur","Derde graad","Nederlandstalige fictie","9789013337362","https://books.google.com/books/content?vid=isbn:9789013337362&printsec=frontcover&img=1&zoom=1"
"De onderwaterzwemmer","P.F. Thomése","verlies, identiteit, familie, mysterie","Derde graad","Nederlandstalige fictie","9789049082297","https://books.google.com/books/content?vid=isbn:9789049082297&printsec=frontcover&img=1&zoom=1"
"Het Hof van Barmhartigheid","A. F. Th. van der Heijden","literatuur, familie, cultuur","Derde graad","Nederlandstalige fictie","9789028746773","https://books.google.com/books/content?vid=isbn:9789028746773&printsec=frontcover&img=1&zoom=1"
"Voorstelling van de twintigste eeuw","Peter Høeg","literatuur, filosofie, cultuur","Derde graad","Nederlandstalige fictie","9789086198164","https://books.google.com/books/content?vid=isbn:9789086198164&printsec=frontcover&img=1&zoom=1"
"Onder het plaveisel het moeras (De tandeloze tijd #3.2)","A. F. Th. van der Heijden","literatuur, cultuur","Derde graad","Nederlandstalige fictie","9789070432719","https://books.google.com/books/content?vid=isbn:9789070432719&printsec=frontcover&img=1&zoom=1"
"De wraak van Safiyya","Bahaa Tahir","historisch, cultuur","Derde graad","Nederlandstalige fictie","9789028768962","https://books.google.com/books/content?vid=isbn:9789028768962&printsec=frontcover&img=1&zoom=1"
"Geest","Robert Harms","literatuur, cultuur, filosofie","Derde graad","Nederlandstalige fictie","9789060962109","https://books.google.com/books/content?vid=isbn:9789060962109&printsec=frontcover&img=1&zoom=1"
"Het soepblik van Napoleon","Roland De Beule","non-fictie, geschiedenis, cultuur","Derde graad","Nederlandstalige fictie","9789014204199","https://books.google.com/books/content?vid=isbn:9789014204199&printsec=frontcover&img=1&zoom=1"
"Wildernis","Esther Freud","familie, mysterie","Derde graad","Nederlandstalige fictie","9789071495063","https://books.google.com/books/content?vid=isbn:9789071495063&printsec=frontcover&img=1&zoom=1"
"Jazz","Toni Morrison","historisch, muziek","Derde graad","Nederlandstalige fictie","9789022457063","https://books.google.com/books/content?vid=isbn:9789022457063&printsec=frontcover&img=1&zoom=1"
"Geboeid door liefde: Geen vader voor Elizabeth","Geertrui Daem","familie, verlies","Derde graad","Nederlandstalige fictie","9789026698134","https://books.google.com/books/content?vid=isbn:9789026698134&printsec=frontcover&img=1&zoom=1"
"Het paradigma: Misdaadroman (Manteau Misdaad)","Axel Bouts","misdaad, spanning, mysterie","Derde graad","Nederlandstalige fictie","9789029839159","https://books.google.com/books/content?vid=isbn:9789029839159&printsec=frontcover&img=1&zoom=1"
"De echtbreker","René Appel","mysterie, spanning","Derde graad","Nederlandstalige fictie","9789016724558","https://books.google.com/books/content?vid=isbn:9789016724558&printsec=frontcover&img=1&zoom=1"
"Moordzomer","Oliver Bottini","misdaad, spanning, mysterie","Derde graad","Nederlandstalige fictie","9789080187775","https://books.google.com/books/content?vid=isbn:9789080187775&printsec=frontcover&img=1&zoom=1"
"Kindergeschiedenis","Peter Handke","literatuur, cultuur, jeugd","Derde graad","Nederlandstalige fictie","9789021296185","https://books.google.com/books/content?vid=isbn:9789021296185&printsec=frontcover&img=1&zoom=1"
"Alleen de heldere uren","Hermine de Graaf","mental health, verlies","Derde graad","Nederlandstalige fictie","9789012079696","https://books.google.com/books/content?vid=isbn:9789012079696&printsec=frontcover&img=1&zoom=1"
"Mevrouw Verona daalt de heuvel af","Dimitri Verhulst","humor, literatuur, cultuur","Derde graad","Nederlandstalige fictie","9789090312086","https://books.google.com/books/content?vid=isbn:9789090312086&printsec=frontcover&img=1&zoom=1"
"De bot","Günter Grass","magisch realisme, satire, cultuur","Derde graad","Nederlandstalige fictie","9789069347507","https://books.google.com/books/content?vid=isbn:9789069347507&printsec=frontcover&img=1&zoom=1"
"De blikken trommel","Günter Grass","magisch realisme, mental health, historisch","Derde graad","Nederlandstalige fictie","9789035065452","https://books.google.com/books/content?vid=isbn:9789035065452&printsec=frontcover&img=1&zoom=1"
"Figuranten","Arnon Grunberg","humor, satire, literatuur","Derde graad","Nederlandstalige fictie","9789095487664","https://books.google.com/books/content?vid=isbn:9789095487664&printsec=frontcover&img=1&zoom=1"
"De Zahir","Paulo Coelho","filosofie, mysterie, romance","Derde graad","Nederlandstalige fictie","9789098178937","https://books.google.com/books/content?vid=isbn:9789098178937&printsec=frontcover&img=1&zoom=1"
"De passievrucht","Karel Glastra van Loon","familie, identiteit, mysterie","Derde graad","Nederlandstalige fictie","9789086165469","https://books.google.com/books/content?vid=isbn:9789086165469&printsec=frontcover&img=1&zoom=1"
"Zout op mijn huid","Benoîte Groult","romance","Derde graad","Nederlandstalige fictie","9789053974303","https://books.google.com/books/content?vid=isbn:9789053974303&printsec=frontcover&img=1&zoom=1"
"Alles wat licht is","Marleen Nelen","familie, identiteit","Derde graad","Nederlandstalige fictie","9789024193857","https://books.google.com/books/content?vid=isbn:9789024193857&printsec=frontcover&img=1&zoom=1"
"Houtekiet","Gerard Walschap","klassieker, identiteit, familie","Derde graad","Nederlandstalige fictie","9789049958687","https://books.google.com/books/content?vid=isbn:9789049958687&printsec=frontcover&img=1&zoom=1"
"ONS GELUK","Gerard Walschap","familie, identiteit","Derde graad","Nederlandstalige fictie","9789072094440","https://books.google.com/books/content?vid=isbn:9789072094440&printsec=frontcover&img=1&zoom=1"
"De Frankensturm: kloonprins der mensheid","Wieland Werner","science-fiction, identiteit","Derde graad","Nederlandstalige fictie","9789090989715","https://books.google.com/books/content?vid=isbn:9789090989715&printsec=frontcover&img=1&zoom=1"
"De Tora boeken (Tora, #1-3)","Herbjergt Wassmo","familie, coming of age, verlies, psychologisch","Derde graad","Nederlandstalige fictie","9789039795993","https://books.google.com/books/content?vid=isbn:9789039795993&printsec=frontcover&img=1&zoom=1"
"Het kralenspel","Hermann Hesse","filosofie, identiteit","Derde graad","Nederlandstalige fictie","9789068139164","https://books.google.com/books/content?vid=isbn:9789068139164&printsec=frontcover&img=1&zoom=1"
"Vallende ouders (De tandeloze tijd #1)","A. F. Th. van der Heijden","familie, identiteit","Derde graad","Nederlandstalige fictie","9789065763869","https://books.google.com/books/content?vid=isbn:9789065763869&printsec=frontcover&img=1&zoom=1"
"Aprilrots","Majgull Axelsson","fantasy, dystopisch, coming of age","Derde graad","Nederlandstalige fictie","9789055266690","https://books.google.com/books/content?vid=isbn:9789055266690&printsec=frontcover&img=1&zoom=1"
"De aansprekers","Maarten 't Hart","humor, identiteit, familie","Derde graad","Nederlandstalige fictie","9789094642951","https://books.google.com/books/content?vid=isbn:9789094642951&printsec=frontcover&img=1&zoom=1"
"De vliegeraar","Khaled Hosseini","historisch, verlies, vriendschap","Derde graad","Nederlandstalige fictie","9789049548376","https://books.google.com/books/content?vid=isbn:9789049548376&printsec=frontcover&img=1&zoom=1"
"Asbestemming","A. F. Th. van der Heijden","familie, verlies","Derde graad","Nederlandstalige fictie","9789090046683","https://books.google.com/books/content?vid=isbn:9789090046683&printsec=frontcover&img=1&zoom=1"
"Suez / druk 1","Bas Heijne","non-fictie, politiek, geschiedenis","Derde graad","Nederlandstalige fictie","9789088007617","https://books.google.com/books/content?vid=isbn:9789088007617&printsec=frontcover&img=1&zoom=1"
"De slag om de Blauwbrug (De tandeloze tijd, #0)","A. F. Th. van der Heijden","historisch, psychologisch","Derde graad","Nederlandstalige fictie","9789083429110","https://books.google.com/books/content?vid=isbn:9789083429110&printsec=frontcover&img=1&zoom=1"
"De sandwich","A. F. Th. van der Heijden","romance, verlies, psychologisch","Derde graad","Nederlandstalige fictie","9789025244013","https://books.google.com/books/content?vid=isbn:9789025244013&printsec=frontcover&img=1&zoom=1"
"Latino king","Bibi Dumon Tak","identiteit, actueel","Derde graad","Nederlandstalige fictie","9789076258083","https://books.google.com/books/content?vid=isbn:9789076258083&printsec=frontcover&img=1&zoom=1"
"De zwarte met het witte hart","Arthur Japin","historisch, biografisch, identiteit","Derde graad","Nederlandstalige fictie","9789060167799","https://books.google.com/books/content?vid=isbn:9789060167799&printsec=frontcover&img=1&zoom=1"
"Een vlucht regenwulpen","Maarten 't Hart","klassieker, identiteit, familie","Derde graad","Nederlandstalige fictie","9789070465848","https://books.google.com/books/content?vid=isbn:9789070465848&printsec=frontcover&img=1&zoom=1"
"Orfeo","Wendy Stroobant","muziek, thriller, spanning","Derde graad","Nederlandstalige fictie","9789096984526","https://books.google.com/books/content?vid=isbn:9789096984526&printsec=frontcover&img=1&zoom=1"
"Kartonnen dozen","Tom Lanoye","coming of age, autobiografie, identiteit","Derde graad","Nederlandstalige fictie","9789064194607","https://books.google.com/books/content?vid=isbn:9789064194607&printsec=frontcover&img=1&zoom=1"
"Lucht","Bart Koubaa","familie, identiteit","Derde graad","Nederlandstalige fictie","9789054384134","https://books.google.com/books/content?vid=isbn:9789054384134&printsec=frontcover&img=1&zoom=1"
"De dochter van de heelmeester","Amy Tan","historisch, familie","Derde graad","Nederlandstalige fictie","9789047772233","https://books.google.com/books/content?vid=isbn:9789047772233&printsec=frontcover&img=1&zoom=1"
"Catch 22","Joseph Heller","historisch, oorlog, satire, klassieker","Derde graad","Nederlandstalige fictie","9789061692228","https://books.google.com/books/content?vid=isbn:9789061692228&printsec=frontcover&img=1&zoom=1"
"Verbeeld je","Joseph Heller","humor, identiteit","Derde graad","Nederlandstalige fictie","9789040332963","https://books.google.com/books/content?vid=isbn:9789040332963&printsec=frontcover&img=1&zoom=1"
"Nagelaten dagen","Marga Minco","historisch, oorlog, verlies","Derde graad","Nederlandstalige fictie","9789089333839","https://books.google.com/books/content?vid=isbn:9789089333839&printsec=frontcover&img=1&zoom=1"
"De virtuoos","Margriet de Moor","historisch, kunst, identiteit","Derde graad","Nederlandstalige fictie","9789095957114","https://books.google.com/books/content?vid=isbn:9789095957114&printsec=frontcover&img=1&zoom=1"
"Terug tot Ina Damman","Simon Vestdijk","klassieker, coming of age, identiteit","Derde graad","Nederlandstalige fictie","9789026479523","https://books.google.com/books/content?vid=isbn:9789026479523&printsec=frontcover&img=1&zoom=1"
"Slaap!","Annelies Verbeke","psychologisch, thriller, identiteit","Derde graad","Nederlandstalige fictie","9789058533325","https://books.google.com/books/content?vid=isbn:9789058533325&printsec=frontcover&img=1&zoom=1"
"Nachtboek van een slapeloze","Patricia De Martelaere","filosofie, essay, identiteit","Derde graad","Nederlandstalige fictie","9789039394090","https://books.google.com/books/content?vid=isbn:9789039394090&printsec=frontcover&img=1&zoom=1"
"De staart van de hagedis","Juan Marsé","historisch, mysterie, familie, verlies","Derde graad","Nederlandstalige fictie","9789097512294","https://books.google.com/books/content?vid=isbn:9789097512294&printsec=frontcover&img=1&zoom=1"
"Land van majesteiten","Brigitte van Aken","familie, identiteit","Derde graad","Nederlandstalige fictie","9789017451558","https://books.google.com/books/content?vid=isbn:9789017451558&printsec=frontcover&img=1&zoom=1"
"In ongenade","J.M. Coetzee","identiteit","Derde graad","Nederlandstalige fictie","9789057868142","https://books.google.com/books/content?vid=isbn:9789057868142&printsec=frontcover&img=1&zoom=1"
"Paravion","Hafid Bouazza","migratie, identiteit","Derde graad","Nederlandstalige fictie","9789090422050","https://books.google.com/books/content?vid=isbn:9789090422050&printsec=frontcover&img=1&zoom=1"
"De kracht van Marrakech","Gaston van Camp","reizen, avontuur, familie","Derde graad","Nederlandstalige fictie","9789056585807","https://books.google.com/books/content?vid=isbn:9789056585807&printsec=frontcover&img=1&zoom=1"
"De bijenkorf","Camilo José Cela","historisch, identiteit","Derde graad","Nederlandstalige fictie","9789082164482","https://books.google.com/books/content?vid=isbn:9789082164482&printsec=frontcover&img=1&zoom=1"
"Het verdriet van België","Hugo Claus","historisch, klassieker, identiteit","Derde graad","Nederlandstalige fictie","9789018413587","https://books.google.com/books/content?vid=isbn:9789018413587&printsec=frontcover&img=1&zoom=1"
"De heerlijkheid van Julia","Oscar van den Boogaard","romance, identiteit","Derde graad","Nederlandstalige fictie","9789028699411","https://books.google.com/books/content?vid=isbn:9789028699411&printsec=frontcover&img=1&zoom=1"
"Vrijdag visdag (Dutch Edition)","Luc Boudens","humor, identiteit","Derde graad","Nederlandstalige fictie","9789075656031","https://books.google.com/books/content?vid=isbn:9789075656031&printsec=frontcover&img=1&zoom=1"
"Vele hemels boven de zevende","Griet Op de Beeck","familie, mental health","Derde graad","Nederlandstalige fictie","9789018782552","https://books.google.com/books/content?vid=isbn:9789018782552&printsec=frontcover&img=1&zoom=1"
"De wijde buik","Willem Jan Otten","poëzie, identiteit, familie","Derde graad","Nederlandstalige fictie","9789059781873","https://books.google.com/books/content?vid=isbn:9789059781873&printsec=frontcover&img=1&zoom=1"
"Tongkat: een verhalenbordeel","Peter Verhelst","kortverhalen, identiteit","Derde graad","Nederlandstalige fictie","9789029406716","https://books.google.com/books/content?vid=isbn:9789029406716&printsec=frontcover&img=1&zoom=1"
"Ons mankeert niets (Dutch Edition)","Willem Jan Otten","familie, identiteit","Derde graad","Nederlandstalige fictie","9789046978948","https://books.google.com/books/content?vid=isbn:9789046978948&printsec=frontcover&img=1&zoom=1"
"Het eigen lot","Kenzaburō Ōe","identiteit","Derde graad","Nederlandstalige fictie","9789072325617","https://books.google.com/books/content?vid=isbn:9789072325617&printsec=frontcover&img=1&zoom=1"
"De hoogmoedige doden","Kenzaburō Ōe","kortverhalen, oorlog","Derde graad","Nederlandstalige fictie","9789058719809","https://books.google.com/books/content?vid=isbn:9789058719809&printsec=frontcover&img=1&zoom=1"
"Schuilen in regenbogen","Rob Baetens","familie, identiteit","Derde graad","Nederlandstalige fictie","9789080254129","https://books.google.com/books/content?vid=isbn:9789080254129&printsec=frontcover&img=1&zoom=1"
"Het feest der liefde","Ronald Giphart","romance, humor, bekroond","Derde graad","Boektoppers","9789019867241","https://books.google.com/books/content?vid=isbn:9789019867241&printsec=frontcover&img=1&zoom=1"
"Misdaden","Ferdinand von Schirach","misdaad, non-fictie, bekroond","Derde graad","Boektoppers","9789044047403","https://books.google.com/books/content?vid=isbn:9789044047403&printsec=frontcover&img=1&zoom=1"
"Voetballen of vechten?","Herman Van Campenhout","sport, avontuur","Derde graad","Boektoppers","9789053357761","https://books.google.com/books/content?vid=isbn:9789053357761&printsec=frontcover&img=1&zoom=1"
"Mr. Miller","Charles den Tex","spanning, thriller, misdaad","Eerste graad","Boektoppers","9789035733452","https://books.google.com/books/content?vid=isbn:9789035733452&printsec=frontcover&img=1&zoom=1"
"Siegfried","Harry Mulisch","bekroond, identiteit","Derde graad","Boektoppers","9789022292600","https://books.google.com/books/content?vid=isbn:9789022292600&printsec=frontcover&img=1&zoom=1"
"Norwegian Wood","Haruki Murakami","magisch realisme, romance, verlies","Derde graad","Boektoppers","9789076935619","https://books.google.com/books/content?vid=isbn:9789076935619&printsec=frontcover&img=1&zoom=1"
"De gouden druppel","Michel Tournier","bekroond, identiteit, migratie","Eerste graad","Boektoppers","9789086993980","https://books.google.com/books/content?vid=isbn:9789086993980&printsec=frontcover&img=1&zoom=1"
"Oesters","Rascha Peper","bekroond, identiteit, familie","Eerste graad","Boektoppers","9789047923954","https://books.google.com/books/content?vid=isbn:9789047923954&printsec=frontcover&img=1&zoom=1"
"Zoeken naar Eileen W.","Leon de Winter","identiteit, spanning, familie, romance","Eerste graad","Boektoppers","9789084381723","https://books.google.com/books/content?vid=isbn:9789084381723&printsec=frontcover&img=1&zoom=1"
"Het parfum","Patrick Süskind","bekroond, mysterie, spanning","Derde graad","Nederlandstalige fictie","9789053349069","https://books.google.com/books/content?vid=isbn:9789053349069&printsec=frontcover&img=1&zoom=1"
"Allerzielen","Cees Nooteboom","romance, identiteit","Derde graad","Nederlandstalige fictie","9789042415351","https://books.google.com/books/content?vid=isbn:9789042415351&printsec=frontcover&img=1&zoom=1"
"Omtrent Deedee","Hugo Claus","bekroond, familie","Derde graad","Boektoppers","9789099223302","https://books.google.com/books/content?vid=isbn:9789099223302&printsec=frontcover&img=1&zoom=1"
"De blinde vlek (Thomas Berg #2)","Jo Claes","bekroond, misdaad, mysterie","Eerste graad","Boektoppers","9789053529462","https://books.google.com/books/content?vid=isbn:9789053529462&printsec=frontcover&img=1&zoom=1"
"De Gele Rivier is bevroren","Leo Pleysier","bekroond, familie, mysterie","Eerste graad","Boektoppers","9789021691612","https://books.google.com/books/content?vid=isbn:9789021691612&printsec=frontcover&img=1&zoom=1"
"De geschiedenis van mijn kaalheid","Marek van der Jagt","bekroond, romance, humor","Eerste graad","Boektoppers","9789060397099","https://books.google.com/books/content?vid=isbn:9789060397099&printsec=frontcover&img=1&zoom=1"
"Nooit meer slapen","Willem Frederik Hermans","bekroond, avontuur, psychologisch","Derde graad","Boektoppers","9789057285491","https://books.google.com/books/content?vid=isbn:9789057285491&printsec=frontcover&img=1&zoom=1"
"Grijze zielen","Philippe Claudel","bekroond, mysterie, verlies","Derde graad","Boektoppers","9789086798054","https://books.google.com/books/content?vid=isbn:9789086798054&printsec=frontcover&img=1&zoom=1"
"Opwaaiende zomerjurken","Oek de Jong","bekroond, coming of age, identiteit","Derde graad","Boektoppers","9789075943788","https://books.google.com/books/content?vid=isbn:9789075943788&printsec=frontcover&img=1&zoom=1"
"Karakter","F. Bordewijk","bekroond, klassieker","Derde graad","Boektoppers","9789098476057","https://books.google.com/books/content?vid=isbn:9789098476057&printsec=frontcover&img=1&zoom=1"
"Zonder genade","Renate Dorrestein","bekroond, verlies, romance","Tweede graad","Boektoppers","9789023177120","https://books.google.com/books/content?vid=isbn:9789023177120&printsec=frontcover&img=1&zoom=1"
"Verborgen gebreken","Renate Dorrestein","bekroond, avontuur, familie, mysterie, verlies","Tweede graad","Boektoppers","9789080788525","https://books.google.com/books/content?vid=isbn:9789080788525&printsec=frontcover&img=1&zoom=1"
"Tirza","Arnon Grunberg","bekroond, familie","Derde graad","Boektoppers","9789051021261","https://books.google.com/books/content?vid=isbn:9789051021261&printsec=frontcover&img=1&zoom=1"
"Los","Tom Naegels","bekroond, identiteit","Tweede graad","Boektoppers","9789047507909","https://books.google.com/books/content?vid=isbn:9789047507909&printsec=frontcover&img=1&zoom=1"
"Het grote verlangen","Marcel Möring","bekroond, identiteit, familie","Derde graad","Boektoppers","9789013398834","https://books.google.com/books/content?vid=isbn:9789013398834&printsec=frontcover&img=1&zoom=1"
"Vrouwland","Rachida Lamrabet","bekroond, migratie, identiteit","Tweede graad","Boektoppers","9789016598812","https://books.google.com/books/content?vid=isbn:9789016598812&printsec=frontcover&img=1&zoom=1"
"Vluchteling","Alan Gratz","bekroond, migratie, spanning","Eerste graad","Boektoppers","9789087086317","https://books.google.com/books/content?vid=isbn:9789087086317&printsec=frontcover&img=1&zoom=1"
"Het derde huwelijk","Tom Lanoye","bekroond, romance, identiteit","Derde graad","Boektoppers","9789055572859","https://books.google.com/books/content?vid=isbn:9789055572859&printsec=frontcover&img=1&zoom=1"
"Het diner","Herman Koch","bekroond, misdaad, mysterie, satire, spanning, identiteit, familie","Derde graad","Boektoppers","9789081417507","https://books.google.com/books/content?vid=isbn:9789081417507&printsec=frontcover&img=1&zoom=1"
"De zaak Alzheimer","Jef Geeraerts","bekroond, misdaad, spanning","Tweede graad","Boektoppers","9789024945815","https://books.google.com/books/content?vid=isbn:9789024945815&printsec=frontcover&img=1&zoom=1"
"Hersenschimmen","J. Bernlef","bekroond, klassieker, mental health, verlies","Derde graad","Boektoppers","9789076904415","https://books.google.com/books/content?vid=isbn:9789076904415&printsec=frontcover&img=1&zoom=1"
"Minnares van de duivel","Naima El Bezaz","bekroond, identiteit","Tweede graad","Boektoppers","9789027139782","https://books.google.com/books/content?vid=isbn:9789027139782&printsec=frontcover&img=1&zoom=1"
"Mijn kleine oorlog","Louis Paul Boon","bekroond, oorlog, historisch","Derde graad","Nederlandstalige fictie","9789064035217","https://books.google.com/books/content?vid=isbn:9789064035217&printsec=frontcover&img=1&zoom=1"
"Zomerwoud","Linda Dielemans","avontuur, fantasie","Eerste graad","Boektoppers","9789057227786","https://books.google.com/books/content?vid=isbn:9789057227786&printsec=frontcover&img=1&zoom=1"
"De verloren vader (Tillerman #6)","Cynthia Voigt","familie, coming of age, verlies","Tweede graad","Nederlandstalige fictie","9789016015651","https://books.google.com/books/content?vid=isbn:9789016015651&printsec=frontcover&img=1&zoom=1"
"Offer in de Andes","Patrick Lagrou","avontuur, spanning","Eerste graad","Boektoppers","9789061533585","https://books.google.com/books/content?vid=isbn:9789061533585&printsec=frontcover&img=1&zoom=1"
"De kinderen van Kapitein Grant: De Stille Zuidzee","Jules Verne","science-fiction, avontuur, klassieker","Eerste graad","Boektoppers","9789028998916","https://books.google.com/books/content?vid=isbn:9789028998916&printsec=frontcover&img=1&zoom=1"
"De lange weg van Lukas B. (Bienmann Saga, #1)","Willi Fährmann","historisch, migratie","Eerste graad","Nederlandstalige fictie","9789094319440","https://books.google.com/books/content?vid=isbn:9789094319440&printsec=frontcover&img=1&zoom=1"
"Raspoetin","Guy Didelez","spanning, historisch, avontuur","Eerste graad","Boektoppers","9789098895736","https://books.google.com/books/content?vid=isbn:9789098895736&printsec=frontcover&img=1&zoom=1"
"De zaak Tootanchamon","Herman Van Campenhout","avontuur, mysterie","Eerste graad","Boektoppers","9789018882928","https://books.google.com/books/content?vid=isbn:9789018882928&printsec=frontcover&img=1&zoom=1"
"Jeuk","Saskia de Coster","humor, identiteit","Derde graad","Boektoppers","9789069277377","https://books.google.com/books/content?vid=isbn:9789069277377&printsec=frontcover&img=1&zoom=1"
"De wildernis","David Almond","fantasie, verlies","Eerste graad","Boektoppers","9789082428780","https://books.google.com/books/content?vid=isbn:9789082428780&printsec=frontcover&img=1&zoom=1"
"Lieve leugens","Brigitte van Aken","familie, identiteit","Eerste graad","Boektoppers","9789043353738","https://books.google.com/books/content?vid=isbn:9789043353738&printsec=frontcover&img=1&zoom=1"
"Ooit is niet nu: het geheime leven van Tatiana D.","Brigitte van Aken","bekroond, mysterie, familie","Eerste graad","Boektoppers","9789031463947","https://books.google.com/books/content?vid=isbn:9789031463947&printsec=frontcover&img=1&zoom=1"
"Het Roald Dahl Quiz-Boek","Richard Maher","non-fictie, educatief, humor","Eerste graad","Boektoppers","9789089412240","https://books.google.com/books/content?vid=isbn:9789089412240&printsec=frontcover&img=1&zoom=1"
"Kijk niet om","Marijn Backer","bekroond, spanning, mysterie","Eerste graad","Nederlandstalige fictie","9789049208262","https://books.google.com/books/content?vid=isbn:9789049208262&printsec=frontcover&img=1&zoom=1"
"Liever de leugen","Jonas Boets","bekroond, spanning","Eerste graad","Boektoppers","9789060916640","https://books.google.com/books/content?vid=isbn:9789060916640&printsec=frontcover&img=1&zoom=1"
"Negentien Negentien","Aline Sax","historisch, oorlog","Eerste graad","Boektoppers","9789076841953","https://books.google.com/books/content?vid=isbn:9789076841953&printsec=frontcover&img=1&zoom=1"
"Ik die nooit een man heb gekend","Jacqueline Harpman","dystopisch, science-fiction, verlies","Derde graad","Nederlandstalige fictie","9789028585721","https://books.google.com/books/content?vid=isbn:9789028585721&printsec=frontcover&img=1&zoom=1"
"Verwachtingen","Tine Bergen","young adult, coming of age","Tweede graad","Boektoppers","9789035226104","https://books.google.com/books/content?vid=isbn:9789035226104&printsec=frontcover&img=1&zoom=1"
"De bloemenkinderen","Mark De Bie","historisch, familie","Derde graad","Nederlandstalige fictie","9789093378224","https://books.google.com/books/content?vid=isbn:9789093378224&printsec=frontcover&img=1&zoom=1"
"Naar de maan","Frank Cottrell Boyce","bekroond, avontuur, humor","Eerste graad","Boektoppers","9789078079547","https://books.google.com/books/content?vid=isbn:9789078079547&printsec=frontcover&img=1&zoom=1"
"Nachtvuur","Stefan Boonen","bekroond, spanning, mysterie","Eerste graad","Boektoppers","9789087363497","https://books.google.com/books/content?vid=isbn:9789087363497&printsec=frontcover&img=1&zoom=1"
"Duizend kilometer Dutch Edition","Elle van den Bogaart","migratie","Eerste graad","Boektoppers","9789033694923","https://books.google.com/books/content?vid=isbn:9789033694923&printsec=frontcover&img=1&zoom=1"
"Frituur Paradiso (Alien & Sander, #2)","Marc De Bel","humor, avontuur","Eerste graad","Nederlandstalige fictie","9789093278642","https://books.google.com/books/content?vid=isbn:9789093278642&printsec=frontcover&img=1&zoom=1"
"Ule","Marc De Bel","historisch, avontuur, familie","Eerste graad","Nederlandstalige fictie","9789021433826","https://books.google.com/books/content?vid=isbn:9789021433826&printsec=frontcover&img=1&zoom=1"
"Het februaricomplot","Patrick Bernauw","historisch, spanning, mysterie","Tweede graad","Nederlandstalige fictie","9789065689068","https://books.google.com/books/content?vid=isbn:9789065689068&printsec=frontcover&img=1&zoom=1"
"De komedianten van de Bastille","Patrick Bernauw","historisch, avontuur","Eerste graad","Nederlandstalige fictie","9789053779400","https://books.google.com/books/content?vid=isbn:9789053779400&printsec=frontcover&img=1&zoom=1"
"Alien (Alien & Sander, #1)","Marc De Bel","avontuur, humor, vriendschap","Eerste graad","Nederlandstalige fictie","9789056348434","https://books.google.com/books/content?vid=isbn:9789056348434&printsec=frontcover&img=1&zoom=1"
"Allemaal willen we de hemel","Els Beerten","oorlog, spanning, young adult, vriendschap, verlies, historisch","Tweede graad","Nederlandstalige fictie","9789090229862","https://books.google.com/books/content?vid=isbn:9789090229862&printsec=frontcover&img=1&zoom=1"
"Gekaapt!","Thea Beckman","avontuur, historisch, spanning","Eerste graad","Boektoppers","9789083166517","https://books.google.com/books/content?vid=isbn:9789083166517&printsec=frontcover&img=1&zoom=1"
"Nachtverhaal","Paul Biegel","fantasie, avontuur, mysterie","Eerste graad","Boektoppers","9789066544408","https://books.google.com/books/content?vid=isbn:9789066544408&printsec=frontcover&img=1&zoom=1"
"Lopen voor je leven","Els Beerten","sport, coming of age","Tweede graad","Boektoppers","9789099034867","https://books.google.com/books/content?vid=isbn:9789099034867&printsec=frontcover&img=1&zoom=1"
"Lege ogen","Leen van den Berg","familie, verlies","Tweede graad","Nederlandstalige fictie","9789062729903","https://books.google.com/books/content?vid=isbn:9789062729903&printsec=frontcover&img=1&zoom=1"
"Bruiloft aan zee","Abdelkader Benali","familie, migratie, identiteit","Derde graad","Nederlandstalige fictie","9789049126856","https://books.google.com/books/content?vid=isbn:9789049126856&printsec=frontcover&img=1&zoom=1"
"Zwanger van een Droom","Rob Baetens","romance, identiteit","Tweede graad","Nederlandstalige fictie","9789048269766","https://books.google.com/books/content?vid=isbn:9789048269766&printsec=frontcover&img=1&zoom=1"
"Veronica: dagboek van een moordenaar","Jana Baeskens","spanning, psychologisch, mysterie","Tweede graad","Nederlandstalige fictie","9789017154257","https://books.google.com/books/content?vid=isbn:9789017154257&printsec=frontcover&img=1&zoom=1"
"De tocht van Bette Reis","Johan Ballegeer","historisch, avontuur, migratie","Eerste graad","Nederlandstalige fictie","9789072464952","https://books.google.com/books/content?vid=isbn:9789072464952&printsec=frontcover&img=1&zoom=1"
"NIETS was alles wat hij zei (met theatertekst)","Nic Balthazar","mental health, coming of age","Tweede graad","Nederlandstalige fictie","9789091151372","https://books.google.com/books/content?vid=isbn:9789091151372&printsec=frontcover&img=1&zoom=1"
"Marja","Lies Bate","familie, verlies","Eerste graad","Boektoppers","9789092297045","https://books.google.com/books/content?vid=isbn:9789092297045&printsec=frontcover&img=1&zoom=1"
"Nestvallers","Lies Bate","familie, coming of age, identiteit","Tweede graad","Nederlandstalige fictie","9789026449957","https://books.google.com/books/content?vid=isbn:9789026449957&printsec=frontcover&img=1&zoom=1"
"Perenbomen bloeien wit","Gerbrand Bakker","familie, verlies","Eerste graad","Boektoppers","9789026336387","https://books.google.com/books/content?vid=isbn:9789026336387&printsec=frontcover&img=1&zoom=1"
"Ik ben niet bang","Niccolò Ammaniti","spanning, mysterie, coming of age","Tweede graad","Boektoppers","9789012518392","https://books.google.com/books/content?vid=isbn:9789012518392&printsec=frontcover&img=1&zoom=1"
"Catwalk","Dirk Bracke","young adult, identiteit","Tweede graad","Boektoppers","9789077179912","https://books.google.com/books/content?vid=isbn:9789077179912&printsec=frontcover&img=1&zoom=1"
"Papier","Dirk Bracke","school, identiteit","Tweede graad","Nederlandstalige fictie","9789022255804","https://books.google.com/books/content?vid=isbn:9789022255804&printsec=frontcover&img=1&zoom=1"
"De tranen van de moordenaar","Anne-Laure Bondoux","historisch, coming of age, familie, verlies, young adult","Tweede graad","Nederlandstalige fictie","9789065467386","https://books.google.com/books/content?vid=isbn:9789065467386&printsec=frontcover&img=1&zoom=1"
"Henna op je huid","Dirk Bracke","romance, coming of age, identiteit","Tweede graad","Boektoppers","9789023159725","https://books.google.com/books/content?vid=isbn:9789023159725&printsec=frontcover&img=1&zoom=1"
"Een loge brug","Dirk Bracke","avontuur, vriendschap, school","Eerste graad","Boektoppers","9789097424895","https://books.google.com/books/content?vid=isbn:9789097424895&printsec=frontcover&img=1&zoom=1"
"Back (Black, #2)","Dirk Bracke","young adult, spanning, misdaad","Tweede graad","Nederlandstalige fictie","9789089949938","https://books.google.com/books/content?vid=isbn:9789089949938&printsec=frontcover&img=1&zoom=1"
"Black (Black, #1)","Dirk Bracke","young adult, spanning, misdaad","Tweede graad","Nederlandstalige fictie","9789015887321","https://books.google.com/books/content?vid=isbn:9789015887321&printsec=frontcover&img=1&zoom=1"
"Mijn naam is Nul","Luigi Ballerini","coming of age, identiteit, school","Tweede graad","Boektoppers","9789048467464","https://books.google.com/books/content?vid=isbn:9789048467464&printsec=frontcover&img=1&zoom=1"
"Juniper (Doran, #2)","Monica Furtong","historisch, fantasy, avontuur","Tweede graad","Boektoppers","9789047278641","https://books.google.com/books/content?vid=isbn:9789047278641&printsec=frontcover&img=1&zoom=1"
"Sproetenliefde","Maren Stoffels","romance, coming of age, school","Tweede graad","Boektoppers","9789081102001","https://books.google.com/books/content?vid=isbn:9789081102001&printsec=frontcover&img=1&zoom=1"
"Voluit Samuel","Do Van Ranst","familie, coming of age, identiteit","Tweede graad","Boektoppers","9789082692704","https://books.google.com/books/content?vid=isbn:9789082692704&printsec=frontcover&img=1&zoom=1"
"De ring van Commodus","Luc Hanegreefs","historisch, avontuur, young adult","Tweede graad","Boektoppers","9789014741475","https://books.google.com/books/content?vid=isbn:9789014741475&printsec=frontcover&img=1&zoom=1"
"De voorlezer van de sultan","Inez van Loon","historisch, vriendschap, young adult","Tweede graad","Nederlandstalige fictie","9789019194005","https://books.google.com/books/content?vid=isbn:9789019194005&printsec=frontcover&img=1&zoom=1"
"In het vervloekte hart (Bloedmaan, #1)","Rima Orie","fantasy, avontuur, spanning","Tweede graad","Nederlandstalige fictie","9789071415412","https://books.google.com/books/content?vid=isbn:9789071415412&printsec=frontcover&img=1&zoom=1"
"KID","Jelmer Soes","young adult, identiteit, familie","Tweede graad","Nederlandstalige fictie","9789050006436","https://books.google.com/books/content?vid=isbn:9789050006436&printsec=frontcover&img=1&zoom=1"
"Jona","Anna van Praag","young adult, coming of age, identiteit","Tweede graad","Nederlandstalige fictie","9789039502742","https://books.google.com/books/content?vid=isbn:9789039502742&printsec=frontcover&img=1&zoom=1"
"De rest van ons leven","Els Beerten","historisch, young adult, identiteit, oorlog","Tweede graad","Nederlandstalige fictie","9789022937246","https://books.google.com/books/content?vid=isbn:9789022937246&printsec=frontcover&img=1&zoom=1"
"Alles wat groots voelt","Reine De Pelseneer","historisch, romance","Tweede graad","Nederlandstalige fictie","9789049456099","https://books.google.com/books/content?vid=isbn:9789049456099&printsec=frontcover&img=1&zoom=1"
"Lord of the Flies","Aimée de Jongh","graphic-novel, klassieker, misdaad, identiteit, avontuur, spanning, vriendschap","Derde graad","Nederlandstalige fictie","9789033443377","https://books.google.com/books/content?vid=isbn:9789033443377&printsec=frontcover&img=1&zoom=1"
"Zack","William Bell","spanning, misdaad, vriendschap","Tweede graad","Graphic novels","9789051615704","https://books.google.com/books/content?vid=isbn:9789051615704&printsec=frontcover&img=1&zoom=1"
"De droom van de farao","Herman Van Campenhout","historisch, avontuur, mysterie","Eerste graad","Nederlandstalige fictie","9789011539237","https://books.google.com/books/content?vid=isbn:9789011539237&printsec=frontcover&img=1&zoom=1"
"Diep in het woud: verzamelde verhalen van Ovidius","Michael De Cock","mythologie, klassieker, avontuur","Derde graad","Nederlandstalige fictie","9789057127938","https://books.google.com/books/content?vid=isbn:9789057127938&printsec=frontcover&img=1&zoom=1"
"Jan Praet: van rebel tot rover","Henri van Daele","historisch, avontuur, klassieker","Eerste graad","Nederlandstalige fictie","9789035881757","https://books.google.com/books/content?vid=isbn:9789035881757&printsec=frontcover&img=1&zoom=1"
"Het naveltheater","Hilde van Cauteren","poëzie, identiteit, humor","Derde graad","Nederlandstalige fictie","9789066617014","https://books.google.com/books/content?vid=isbn:9789066617014&printsec=frontcover&img=1&zoom=1"
"De omgekeerde Dendermonde","Henri van Daele","historisch, avontuur, familie","Eerste graad","Nederlandstalige fictie","9789079518064","https://books.google.com/books/content?vid=isbn:9789079518064&printsec=frontcover&img=1&zoom=1"
"In het teken van de Ram","Bernauw Patrick Didelez Guy","historisch, spanning, mysterie","Tweede graad","Nederlandstalige fictie","9789084849654","https://books.google.com/books/content?vid=isbn:9789084849654&printsec=frontcover&img=1&zoom=1"
"Stoeipoes","Bavo Dhooge","humor, spanning, misdaad","Derde graad","Nederlandstalige fictie","9789042634937","https://books.google.com/books/content?vid=isbn:9789042634937&printsec=frontcover&img=1&zoom=1"
"Solo","Bavo Dhooge","spanning, misdaad, avontuur","Derde graad","Nederlandstalige fictie","9789027473426","https://books.google.com/books/content?vid=isbn:9789027473426&printsec=frontcover&img=1&zoom=1"
"Kus uit India","Nicole Derycker","historisch, avontuur, reizen","Tweede graad","Nederlandstalige fictie","9789068816884","https://books.google.com/books/content?vid=isbn:9789068816884&printsec=frontcover&img=1&zoom=1"
"Dansen op blote voeten","Nicole Derycker","familie, verlies","Tweede graad","Nederlandstalige fictie","9789058371226","https://books.google.com/books/content?vid=isbn:9789058371226&printsec=frontcover&img=1&zoom=1"
"Jaspers vlinders","Johan Vandevelde","fantasy, spanning, mysterie","Tweede graad","Nederlandstalige fictie","9789054971089","https://books.google.com/books/content?vid=isbn:9789054971089&printsec=frontcover&img=1&zoom=1"
"Rotjong & Snotjong (RariFeiten, #4)","Guy Didelez","humor, avontuur, vriendschap","Eerste graad","Nederlandstalige fictie","9789018037207","https://books.google.com/books/content?vid=isbn:9789018037207&printsec=frontcover&img=1&zoom=1"
"Dagblind / Nachtblind","Guy Didelez","spanning, mysterie, misdaad","Tweede graad","Nederlandstalige fictie","9789056898943","https://books.google.com/books/content?vid=isbn:9789056898943&printsec=frontcover&img=1&zoom=1"
"Het huis van eb en vloed","Ed Franck","familie, verlies","Eerste graad","Nederlandstalige fictie","9789067723243","https://books.google.com/books/content?vid=isbn:9789067723243&printsec=frontcover&img=1&zoom=1"
"Magdalena, zondares","Lilian Faschinger","historisch, identiteit","Derde graad","Nederlandstalige fictie","9789051067942","https://books.google.com/books/content?vid=isbn:9789051067942&printsec=frontcover&img=1&zoom=1"
"De Dievenbende van Scipio","Cornelia Funke","avontuur, mysterie, vriendschap","Eerste graad","Nederlandstalige fictie","9789025917420","https://books.google.com/books/content?vid=isbn:9789025917420&printsec=frontcover&img=1&zoom=1"
"Robinson Crusoë","Daniel Defoe","klassieker, avontuur","Eerste graad","Nederlandstalige fictie","9789060619077","https://books.google.com/books/content?vid=isbn:9789060619077&printsec=frontcover&img=1&zoom=1"
"Dracula","Ed Franck","horror, klassieker","Derde graad","Nederlandstalige fictie","9789015466935","https://books.google.com/books/content?vid=isbn:9789015466935&printsec=frontcover&img=1&zoom=1"
"De man bij het meer","Ed Franck","spanning, mysterie","Tweede graad","Nederlandstalige fictie","9789031531924","https://books.google.com/books/content?vid=isbn:9789031531924&printsec=frontcover&img=1&zoom=1"
"Parcival","Ed Franck","klassieker, avontuur, mythologie","Tweede graad","Nederlandstalige fictie","9789063528656","https://books.google.com/books/content?vid=isbn:9789063528656&printsec=frontcover&img=1&zoom=1"
"De meisjesschilder","Monika Feth","spanning, mysterie, psychologisch","Tweede graad","Boektoppers","9789038773052","https://books.google.com/books/content?vid=isbn:9789038773052&printsec=frontcover&img=1&zoom=1"
"De Outsiders (Broederband, #1)","John Flanagan","avontuur, vriendschap, fantasy","Eerste graad","Boektoppers","9789098379975","https://books.google.com/books/content?vid=isbn:9789098379975&printsec=frontcover&img=1&zoom=1"
"Alex en de Dux van het Zuiden (Alex, boek 1)","Ellis Flipse","young adult, fantasy, avontuur","Eerste graad","Boektoppers","9789096976134","https://books.google.com/books/content?vid=isbn:9789096976134&printsec=frontcover&img=1&zoom=1"
"De avonturen van Tom Sawyer","Mark Twain","avontuur, historisch","Eerste graad","Nederlandstalige fictie","9789047501305","https://books.google.com/books/content?vid=isbn:9789047501305&printsec=frontcover&img=1&zoom=1"
"Limbo","Hilde Eynikel","familie, verlies","Tweede graad","Nederlandstalige fictie","9789058358645","https://books.google.com/books/content?vid=isbn:9789058358645&printsec=frontcover&img=1&zoom=1"
"Zwart / wit : een verhaal over onrecht","Jon Ewo","coming of age, identiteit, vriendschap, school","Eerste graad","Nederlandstalige fictie","9789028865791","https://books.google.com/books/content?vid=isbn:9789028865791&printsec=frontcover&img=1&zoom=1"
"XXL: een maximalisatie roman over het leven, de liefde en de kunst","Jon Ewo","humor, identiteit","Derde graad","Nederlandstalige fictie","9789033068723","https://books.google.com/books/content?vid=isbn:9789033068723&printsec=frontcover&img=1&zoom=1"
"De maan is een spelbreker","Jon Ewo","spanning, psychologisch","Tweede graad","Nederlandstalige fictie","9789075119668","https://books.google.com/books/content?vid=isbn:9789075119668&printsec=frontcover&img=1&zoom=1"
"De hemel is geen huis","Gerda van Erkel","familie, verlies","Eerste graad","Nederlandstalige fictie","9789069921926","https://books.google.com/books/content?vid=isbn:9789069921926&printsec=frontcover&img=1&zoom=1"
"Monsieur Hawarden","Filip de Pillecyn","novelle, klassieker, identiteit","Derde graad","Nederlandstalige fictie","9789012283708","https://books.google.com/books/content?vid=isbn:9789012283708&printsec=frontcover&img=1&zoom=1"
"Vliegen zonder vleugels","Gerda van Erkel","familie, identiteit","Eerste graad","Nederlandstalige fictie","9789030245655","https://books.google.com/books/content?vid=isbn:9789030245655&printsec=frontcover&img=1&zoom=1"
"Doodgraag","Gerda van Erkel","romance, verlies","Eerste graad","Nederlandstalige fictie","9789052956986","https://books.google.com/books/content?vid=isbn:9789052956986&printsec=frontcover&img=1&zoom=1"
"Een rugzak vol","Gerda van Erkel","familie, school","Eerste graad","Nederlandstalige fictie","9789070862103","https://books.google.com/books/content?vid=isbn:9789070862103&printsec=frontcover&img=1&zoom=1"
"Een tere huid","Gerda van Erkel","romance, identiteit","Tweede graad","Nederlandstalige fictie","9789087241259","https://books.google.com/books/content?vid=isbn:9789087241259&printsec=frontcover&img=1&zoom=1"
"Een dubbel vuurteken","Gerda van Erkel","historisch, verlies","Tweede graad","Nederlandstalige fictie","9789063747243","https://books.google.com/books/content?vid=isbn:9789063747243&printsec=frontcover&img=1&zoom=1"
"De spiegel","Gerda van Erkel","familie, identiteit, mysterie","Eerste graad","Nederlandstalige fictie","9789020357507","https://books.google.com/books/content?vid=isbn:9789020357507&printsec=frontcover&img=1&zoom=1"
"Vuurkraal","Noëlle Elpers","historisch, familie","Tweede graad","Nederlandstalige fictie","9789059517646","https://books.google.com/books/content?vid=isbn:9789059517646&printsec=frontcover&img=1&zoom=1"
"Geheimen Van De Wijde Zee","Noëlle Elpers","avontuur, mysterie, familie","Eerste graad","Nederlandstalige fictie","9789029112430","https://books.google.com/books/content?vid=isbn:9789029112430&printsec=frontcover&img=1&zoom=1"
"Het dwaallicht","Willem Elsschot","klassieker, identiteit, literatuur","Derde graad","Nederlandstalige fictie","9789016094117","https://books.google.com/books/content?vid=isbn:9789016094117&printsec=frontcover&img=1&zoom=1"
"Koude kunstjes","Bart Holsters","humor, spanning, mysterie","Tweede graad","Boektoppers","9789029021993","https://books.google.com/books/content?vid=isbn:9789029021993&printsec=frontcover&img=1&zoom=1"
"Fee / Anna","Caroline Delannoy","familie, mysterie","Eerste graad","Nederlandstalige fictie","9789098072386","https://books.google.com/books/content?vid=isbn:9789098072386&printsec=frontcover&img=1&zoom=1"
"Onrustvlinder","Anna Coudenys","coming of age, identiteit","Eerste graad","Nederlandstalige fictie","9789084324798","https://books.google.com/books/content?vid=isbn:9789084324798&printsec=frontcover&img=1&zoom=1"
"De honden van Aktaioon","Anthony Horowitz","mythologie, young adult, avontuur","Eerste graad","Boektoppers","9789078667012","https://books.google.com/books/content?vid=isbn:9789078667012&printsec=frontcover&img=1&zoom=1"
"Schrijf vaker, schrijf meer: Brieven van geliefden","Joris van Hulle","brieven, romance, non-fictie","Derde graad","Boektoppers","9789077977701","https://books.google.com/books/content?vid=isbn:9789077977701&printsec=frontcover&img=1&zoom=1"
"Bolbliksem","Anthony Horowitz","avontuur, spanning, mysterie","Eerste graad","Nederlandstalige fictie","9789090177306","https://books.google.com/books/content?vid=isbn:9789090177306&printsec=frontcover&img=1&zoom=1"
"De kwestie Leo","Christophe Honoré","queer, verlies","Tweede graad","Nederlandstalige fictie","9789055831335","https://books.google.com/books/content?vid=isbn:9789055831335&printsec=frontcover&img=1&zoom=1"
"De eerste lente","Klaus Kordon","historisch, oorlog, verlies","Tweede graad","Nederlandstalige fictie","9789045595547","https://books.google.com/books/content?vid=isbn:9789045595547&printsec=frontcover&img=1&zoom=1"
"Grensgebieden","Sherryl Jordan","fantasy, avontuur, vriendschap","Eerste graad","Nederlandstalige fictie","9789048689755","https://books.google.com/books/content?vid=isbn:9789048689755&printsec=frontcover&img=1&zoom=1"
"Dagen van het vallend blad","Douglas C. Jones","historisch, avontuur, oorlog","Derde graad","Nederlandstalige fictie","9789026278025","https://books.google.com/books/content?vid=isbn:9789026278025&printsec=frontcover&img=1&zoom=1"
"Kallinos van Messene","Paul Kustermans","historisch, avontuur, klassieker","Eerste graad","Nederlandstalige fictie","9789099207605","https://books.google.com/books/content?vid=isbn:9789099207605&printsec=frontcover&img=1&zoom=1"
"No en ik","Delphine de Vigan","mental health","Derde graad","Nederlandstalige fictie","9789019925074","https://books.google.com/books/content?vid=isbn:9789019925074&printsec=frontcover&img=1&zoom=1"
"Problemski Hotel","Dimitri Verhulst","migratie, humor, actueel","Derde graad","Nederlandstalige fictie","9789041092257","https://books.google.com/books/content?vid=isbn:9789041092257&printsec=frontcover&img=1&zoom=1"
"Neeland","Nic Balthazar","mental health, coming of age, identiteit","Tweede graad","Nederlandstalige fictie","9789025017783","https://books.google.com/books/content?vid=isbn:9789025017783&printsec=frontcover&img=1&zoom=1"
"Blanco","Peter Terrin","spanning, psychologisch, mysterie","Derde graad","Nederlandstalige fictie","9789013491515","https://books.google.com/books/content?vid=isbn:9789013491515&printsec=frontcover&img=1&zoom=1"
"Julian, mijn broer","Linda Mulders","familie, verlies","Eerste graad","Nederlandstalige fictie","9789049902289","https://books.google.com/books/content?vid=isbn:9789049902289&printsec=frontcover&img=1&zoom=1"
"Het verborgen dorp","Ron Langenus","historisch, oorlog, verlies","Tweede graad","Nederlandstalige fictie","9789043621708","https://books.google.com/books/content?vid=isbn:9789043621708&printsec=frontcover&img=1&zoom=1"
"Bevroren kamers","Jan De Leeuw","familie, mysterie, spanning","Tweede graad","Nederlandstalige fictie","9789043947003","https://books.google.com/books/content?vid=isbn:9789043947003&printsec=frontcover&img=1&zoom=1"
"Kind van de rivier","Carolyn F. Logan","avontuur, familie","Eerste graad","Nederlandstalige fictie","9789025838560","https://books.google.com/books/content?vid=isbn:9789025838560&printsec=frontcover&img=1&zoom=1"
"De hemel van Heivisj","Benny Lindelauf","familie, historisch, verlies","Tweede graad","Nederlandstalige fictie","9789010463832","https://books.google.com/books/content?vid=isbn:9789010463832&printsec=frontcover&img=1&zoom=1"
"De geheimen","Ron Langenus","mysterie","Eerste graad","Nederlandstalige fictie","9789031296534","https://books.google.com/books/content?vid=isbn:9789031296534&printsec=frontcover&img=1&zoom=1"
"De kooi","Ron Langenus","historisch, spanning, verlies","Tweede graad","Nederlandstalige fictie","9789038582120","https://books.google.com/books/content?vid=isbn:9789038582120&printsec=frontcover&img=1&zoom=1"
"Gebr.","Ted van Lieshout","familie, verlies, coming of age","Tweede graad","Nederlandstalige fictie","9789031591155","https://books.google.com/books/content?vid=isbn:9789031591155&printsec=frontcover&img=1&zoom=1"
"Aanraken van de aarde","Margo Lanagan","fantasy, avontuur","Eerste graad","Boektoppers","9789025848949","https://books.google.com/books/content?vid=isbn:9789025848949&printsec=frontcover&img=1&zoom=1"
"De schorpioenen van Kato Zagros","Patrick Lagrou","avontuur, mysterie, spanning","Eerste graad","Nederlandstalige fictie","9789012582784","https://books.google.com/books/content?vid=isbn:9789012582784&printsec=frontcover&img=1&zoom=1"
"Drijfkand (Top)","Unknown Author","familie, mysterie","Eerste graad","Nederlandstalige fictie","9789018582296","https://books.google.com/books/content?vid=isbn:9789018582296&printsec=frontcover&img=1&zoom=1"
"De dood in Venetië","Thomas Mann","klassieker, queer, psychologisch","Derde graad","Nederlandstalige fictie","9789025301828","https://books.google.com/books/content?vid=isbn:9789025301828&printsec=frontcover&img=1&zoom=1"
"Mijn stilte","Ina Vandewijer","historisch, familie, verlies","Eerste graad","Nederlandstalige fictie","9789088025595","https://books.google.com/books/content?vid=isbn:9789088025595&printsec=frontcover&img=1&zoom=1"
"Floris en Belle","Kustermans Paul","historisch, avontuur, romance","Eerste graad","Nederlandstalige fictie","9789094087071","https://books.google.com/books/content?vid=isbn:9789094087071&printsec=frontcover&img=1&zoom=1"
"Met je rug tegen de muur","Klaus Kordon","historisch, migratie","Tweede graad","Nederlandstalige fictie","9789084056153","https://books.google.com/books/content?vid=isbn:9789084056153&printsec=frontcover&img=1&zoom=1"
"De onbekende reiziger","Diana Wynne Jones","avontuur, fantasy, mysterie","Eerste graad","Nederlandstalige fictie","9789017108448","https://books.google.com/books/content?vid=isbn:9789017108448&printsec=frontcover&img=1&zoom=1"
"Sandor slash Ida","Sara Kadefors","coming of age, school, identiteit","Tweede graad","Boektoppers","9789059415690","https://books.google.com/books/content?vid=isbn:9789059415690&printsec=frontcover&img=1&zoom=1"
"Het geheim van de tempelier","Patrick Lagrou","historisch, avontuur, mysterie","Eerste graad","Boektoppers","9789019965906","https://books.google.com/books/content?vid=isbn:9789019965906&printsec=frontcover&img=1&zoom=1"
"Maar ik ben jou niet","Nadine Sawerman","coming of age, identiteit, school","Tweede graad","Boektoppers","9789079848021","https://books.google.com/books/content?vid=isbn:9789079848021&printsec=frontcover&img=1&zoom=1"
"Tsunami (Adem, #1)","Nico De Braeckeleer","spanning, avontuur, mysterie","Tweede graad","Boektoppers","9789090328297","https://books.google.com/books/content?vid=isbn:9789090328297&printsec=frontcover&img=1&zoom=1"
"Liefste Esther","Herman Van Campenhout","romance, verlies","Tweede graad","Boektoppers","9789022041825","https://books.google.com/books/content?vid=isbn:9789022041825&printsec=frontcover&img=1&zoom=1"
"Code F242 (De Zwarte Adem, #1)","Erwin Claes","spanning, mysterie, misdaad","Eerste graad","Boektoppers","9789034301672","https://books.google.com/books/content?vid=isbn:9789034301672&printsec=frontcover&img=1&zoom=1"
"Het Sleutelbeengebaar","Hilde van Cauteren","poëzie, identiteit","Derde graad","Nederlandstalige fictie","9789055057399","https://books.google.com/books/content?vid=isbn:9789055057399&printsec=frontcover&img=1&zoom=1"
"Oktober","Søren Sveistrup","misdaad, spanning, mysterie","Derde graad","Nederlandstalige fictie","9789099848295","https://books.google.com/books/content?vid=isbn:9789099848295&printsec=frontcover&img=1&zoom=1"
"De stalker","Helen Vreeswijk","spanning, misdaad, school","Tweede graad","Nederlandstalige fictie","9789072407118","https://books.google.com/books/content?vid=isbn:9789072407118&printsec=frontcover&img=1&zoom=1"
"De erfgenaam","John Grisham","misdaad, spanning, mysterie","Derde graad","Boektoppers","9789058315648","https://books.google.com/books/content?vid=isbn:9789058315648&printsec=frontcover&img=1&zoom=1"
"Extreem luid & ongelooflijk dichtbij","Jonathan Safran Foer","coming of age, avontuur, familie, identiteit, verlies","Derde graad","Boektoppers","9789080482011","https://books.google.com/books/content?vid=isbn:9789080482011&printsec=frontcover&img=1&zoom=1"
"De meisje","Jaouad Alloul","autobiografie, coming of age, queer, romance, identiteit","Derde graad","Boektoppers","9789045225407","https://books.google.com/books/content?vid=isbn:9789045225407&printsec=frontcover&img=1&zoom=1"
"Pizzamaffia slaat door","Khalid Boudou","coming of age, school, identiteit","Tweede graad","Boektoppers","9789047435235","https://books.google.com/books/content?vid=isbn:9789047435235&printsec=frontcover&img=1&zoom=1"
"De zomer waarin alles veranderde","Jenny Han","coming of age, romance, identiteit","Tweede graad","Boektoppers","9789084305086","https://books.google.com/books/content?vid=isbn:9789084305086&printsec=frontcover&img=1&zoom=1"
"De ramp van Tsjernobyl","Andy Marino","non-fictie, geschiedenis, spanning","Tweede graad","Boektoppers","9789025574206","https://books.google.com/books/content?vid=isbn:9789025574206&printsec=frontcover&img=1&zoom=1"
"Ik moet je verraden","Ruta Sepetys","historisch, oorlog, spanning","Derde graad","Boektoppers","9789061207814","https://books.google.com/books/content?vid=isbn:9789061207814&printsec=frontcover&img=1&zoom=1"
"De meisjes: zeven sprookjes","Annet Schaap","fantasie, kortverhalen, mysterie","Eerste graad","Boektoppers","9789071322567","https://books.google.com/books/content?vid=isbn:9789071322567&printsec=frontcover&img=1&zoom=1"
"SAM","Tom Durie","coming of age, familie","Tweede graad","Boektoppers","9789020991931","https://books.google.com/books/content?vid=isbn:9789020991931&printsec=frontcover&img=1&zoom=1"
"Schaduw van de leeuw","Linda Dielemans","historisch, avontuur, fantasy","Tweede graad","Boektoppers","9789025275421","https://books.google.com/books/content?vid=isbn:9789025275421&printsec=frontcover&img=1&zoom=1"
"Je kunt geen kant op","Astrid Sercu","spanning, misdaad, mysterie","Tweede graad","Boektoppers","9789071059312","https://books.google.com/books/content?vid=isbn:9789071059312&printsec=frontcover&img=1&zoom=1"
"Doodverklaard","Inge Verbruggen","spanning, mysterie","Tweede graad","Boektoppers","9789019827008","https://books.google.com/books/content?vid=isbn:9789019827008&printsec=frontcover&img=1&zoom=1"
"Eindspel","Evy Danckers","spanning, misdaad, mysterie","Tweede graad","Boektoppers","9789064007861","https://books.google.com/books/content?vid=isbn:9789064007861&printsec=frontcover&img=1&zoom=1"
"Adres onbekend","Susin Nielsen","familie, coming of age, humor","Tweede graad","Boektoppers","9789077304626","https://books.google.com/books/content?vid=isbn:9789077304626&printsec=frontcover&img=1&zoom=1"
"De vreselijke belevenissen van Barnaby Brocket","John Boyne","humor, avontuur, fantasie","Eerste graad","Boektoppers","9789018423949","https://books.google.com/books/content?vid=isbn:9789018423949&printsec=frontcover&img=1&zoom=1"
"Mathilde, ik kom je halen","Inez van Loon","familie, historisch","Tweede graad","Boektoppers","9789061194601","https://books.google.com/books/content?vid=isbn:9789061194601&printsec=frontcover&img=1&zoom=1"
"Vuit vel","Marita de Sterck","historisch, familie, identiteit","Tweede graad","Boektoppers","9789093133172","https://books.google.com/books/content?vid=isbn:9789093133172&printsec=frontcover&img=1&zoom=1"
"Schemerzone","Hilde Vandermeeren","spanning, mysterie, psychologisch","Tweede graad","Boektoppers","9789089003291","https://books.google.com/books/content?vid=isbn:9789089003291&printsec=frontcover&img=1&zoom=1"
"De wildernis in","Jon Krakauer","non-fictie, avontuur, autobiografie","Derde graad","Boektoppers","9789067369658","https://books.google.com/books/content?vid=isbn:9789067369658&printsec=frontcover&img=1&zoom=1"
"Het grote misschien","John Green","coming of age, romance, identiteit","Tweede graad","Boektoppers","9789070222174","https://books.google.com/books/content?vid=isbn:9789070222174&printsec=frontcover&img=1&zoom=1"
"Dik. Lelijk. Wijf.","Anke Wauters","mental health, coming of age, identiteit","Tweede graad","Boektoppers","9789047059266","https://books.google.com/books/content?vid=isbn:9789047059266&printsec=frontcover&img=1&zoom=1"
"Onder de ketchupwolken","Annabel Pitcher","coming of age, familie, verlies","Tweede graad","Boektoppers","9789014307234","https://books.google.com/books/content?vid=isbn:9789014307234&printsec=frontcover&img=1&zoom=1"
"Suikerspin","Erik Vaminck","familie, historisch","Derde graad","Nederlandstalige fictie","9789014742844","https://books.google.com/books/content?vid=isbn:9789014742844&printsec=frontcover&img=1&zoom=1"
"Vermoord het verleden","Jonas Boets","spanning, mysterie, misdaad","Tweede graad","Boektoppers","9789060624475","https://books.google.com/books/content?vid=isbn:9789060624475&printsec=frontcover&img=1&zoom=1"
"Alles wat je lief is","Nicola Yoon","romance, coming of age","Tweede graad","Boektoppers","9789011002852","https://books.google.com/books/content?vid=isbn:9789011002852&printsec=frontcover&img=1&zoom=1"
"Wat zou Martin doen?","Nic Stone","coming of age, identiteit, school","Tweede graad","Boektoppers","9789075661712","https://books.google.com/books/content?vid=isbn:9789075661712&printsec=frontcover&img=1&zoom=1"
"Blinde drift","Belinda Bauer","misdaad, mysterie, spanning, mental health","Derde graad","Boektoppers","9789015021938","https://books.google.com/books/content?vid=isbn:9789015021938&printsec=frontcover&img=1&zoom=1"
"Dit is mijn dag","Aidan Chambers","coming of age, identiteit","Tweede graad","Nederlandstalige fictie","9789045244856","https://books.google.com/books/content?vid=isbn:9789045244856&printsec=frontcover&img=1&zoom=1"
"Ten zuiden van de grens","Haruki Murakami","magisch realisme, romance, identiteit","Derde graad","Boektoppers","9789084324492","https://books.google.com/books/content?vid=isbn:9789084324492&printsec=frontcover&img=1&zoom=1"
"Een weeffout in onze sterren","John Green","coming of age, mental health, mysterie, romance, vriendschap","Tweede graad","Nederlandstalige fictie","9789070624195","https://books.google.com/books/content?vid=isbn:9789070624195&printsec=frontcover&img=1&zoom=1"
"The Hate U Give (The Hate U Give, #1)","Angie Thomas","actueel, identiteit, coming of age, spanning","Tweede graad","Nederlandstalige fictie","9789023911532","https://books.google.com/books/content?vid=isbn:9789023911532&printsec=frontcover&img=1&zoom=1"
"Winnaar in Olympia","Herman Van Campenhout","sport, avontuur","Eerste graad","Nederlandstalige fictie","9789035798729","https://books.google.com/books/content?vid=isbn:9789035798729&printsec=frontcover&img=1&zoom=1"
"De hoofdprijs","Herman Van Campenhout","avontuur, spanning","Eerste graad","Nederlandstalige fictie","9789018157901","https://books.google.com/books/content?vid=isbn:9789018157901&printsec=frontcover&img=1&zoom=1"
"Woensdag weegdag","Diane Broeckhoven","familie, verlies","Eerste graad","Nederlandstalige fictie","9789054585536","https://books.google.com/books/content?vid=isbn:9789054585536&printsec=frontcover&img=1&zoom=1"
"iBoy","Kevin Brooks","science-fiction, spanning, misdaad","Tweede graad","Boektoppers","9789089577217","https://books.google.com/books/content?vid=isbn:9789089577217&printsec=frontcover&img=1&zoom=1"
"Vikingbloed","Luc Hanegreefs","historisch, avontuur, spanning","Eerste graad","Boektoppers","9789077853793","https://books.google.com/books/content?vid=isbn:9789077853793&printsec=frontcover&img=1&zoom=1"
"Markus en de meisjes","Klaus Hagerup","coming of age, school, romance","Eerste graad","Boektoppers","9789093942165","https://books.google.com/books/content?vid=isbn:9789093942165&printsec=frontcover&img=1&zoom=1"
"De weg van de wind (Yarim #2)","Hans Hagen","avontuur, reizen","Eerste graad","Boektoppers","9789080432134","https://books.google.com/books/content?vid=isbn:9789080432134&printsec=frontcover&img=1&zoom=1"
"Straatkatten","Mieke van Hooft","misdaad, spanning, vriendschap","Eerste graad","Boektoppers","9789089726394","https://books.google.com/books/content?vid=isbn:9789089726394&printsec=frontcover&img=1&zoom=1"
"Geen geweld","Mieke van Hooft","school, vriendschap","Eerste graad","Boektoppers","9789017443256","https://books.google.com/books/content?vid=isbn:9789017443256&printsec=frontcover&img=1&zoom=1"
"De valeriusmoorden","Paul Kustermans","misdaad, mysterie, spanning","Tweede graad","Boektoppers","9789018971073","https://books.google.com/books/content?vid=isbn:9789018971073&printsec=frontcover&img=1&zoom=1"
"Eilandgasten","Vonne van der Meer","familie, verlies","Tweede graad","Boektoppers","9789059383162","https://books.google.com/books/content?vid=isbn:9789059383162&printsec=frontcover&img=1&zoom=1"
"Papinette","Kristien Dieltiens","historisch, familie","Eerste graad","Nederlandstalige fictie","9789051863965","https://books.google.com/books/content?vid=isbn:9789051863965&printsec=frontcover&img=1&zoom=1"
"De drie mannen van Eva","Theo Engelen","coming of age, identiteit, romance","Eerste graad","Nederlandstalige fictie","9789029651077","https://books.google.com/books/content?vid=isbn:9789029651077&printsec=frontcover&img=1&zoom=1"
"Fluisterwater","Mirjam Mous","spanning, mysterie, thriller","Eerste graad","Nederlandstalige fictie","9789080552792","https://books.google.com/books/content?vid=isbn:9789080552792&printsec=frontcover&img=1&zoom=1"
"Zeven minuten na middernacht","Patrick Ness","mental health, verlies, fantasie","Tweede graad","Boektoppers","9789072296453","https://books.google.com/books/content?vid=isbn:9789072296453&printsec=frontcover&img=1&zoom=1"
"Vogets voor de kat","Jessy Marijn","humor, avontuur, school","Eerste graad","Boektoppers","9789091966725","https://books.google.com/books/content?vid=isbn:9789091966725&printsec=frontcover&img=1&zoom=1"
"De dood van Winnetou","Karl May","avontuur, historisch, misdaad, mysterie, spanning","Eerste graad","Nederlandstalige fictie","9789021805060","https://books.google.com/books/content?vid=isbn:9789021805060&printsec=frontcover&img=1&zoom=1"
"Blauw","Liesbeth Mende","spanning, misdaad, mysterie","Eerste graad","Boektoppers","9789081471197","https://books.google.com/books/content?vid=isbn:9789081471197&printsec=frontcover&img=1&zoom=1"
"De vuurdoop","Diane Matcheck","avontuur, historisch, fantasy","Eerste graad","Boektoppers","9789022759825","https://books.google.com/books/content?vid=isbn:9789022759825&printsec=frontcover&img=1&zoom=1"
"Dani Bennoni: lang zal hij leven","Bart Moeyaert","familie, coming of age","Eerste graad","Nederlandstalige fictie","9789080336876","https://books.google.com/books/content?vid=isbn:9789080336876&printsec=frontcover&img=1&zoom=1"
"Het circus komt voorbij","Patrick Modiano","familie, verlies, mysterie","Eerste graad","Boektoppers","9789078433961","https://books.google.com/books/content?vid=isbn:9789078433961&printsec=frontcover&img=1&zoom=1"
"Bioboy","Inge Misschaert","spanning, misdaad, mysterie","Tweede graad","Boektoppers","9789076361215","https://books.google.com/books/content?vid=isbn:9789076361215&printsec=frontcover&img=1&zoom=1"
"Is het al zo laat? (Dutch Edition)","Jos Ghysen","humor, non-fictie, cultuur","Eerste graad","Boektoppers","9789038159209","https://books.google.com/books/content?vid=isbn:9789038159209&printsec=frontcover&img=1&zoom=1"
"Jongens, het zijn net huisdieren","Diane Messidoro","humor, satire, relaties","Tweede graad","Boektoppers","9789085389515","https://books.google.com/books/content?vid=isbn:9789085389515&printsec=frontcover&img=1&zoom=1"
"Medeia","Marie-Sophie Nathusius","klassieker, mythologie","Derde graad","Nederlandstalige fictie","9789024435471","https://books.google.com/books/content?vid=isbn:9789024435471&printsec=frontcover&img=1&zoom=1"
"Met één vinger getikt","Jos Ghysen","humor, kortverhalen","Eerste graad","Nederlandstalige fictie","9789049865469","https://books.google.com/books/content?vid=isbn:9789049865469&printsec=frontcover&img=1&zoom=1"
"Kwetsbaar geluk","Anke de Graaf","romance, verlies","Eerste graad","Nederlandstalige fictie","9789075606361","https://books.google.com/books/content?vid=isbn:9789075606361&printsec=frontcover&img=1&zoom=1"
"Waar de zon ondergaat","Ron Langenus","historisch, avontuur, oorlog","Eerste graad","Nederlandstalige fictie","9789074849914","https://books.google.com/books/content?vid=isbn:9789074849914&printsec=frontcover&img=1&zoom=1"
"Vrouw, ziedaar uw zoon","Mim El Messaoudi","familie, migratie, identiteit","Tweede graad","Nederlandstalige fictie","9789065623265","https://books.google.com/books/content?vid=isbn:9789065623265&printsec=frontcover&img=1&zoom=1"
"Ik dacht dat het ergste nog moest komen: (maar dat was n","Brigitte Minne","familie, humor","Eerste graad","Nederlandstalige fictie","9789037541788","https://books.google.com/books/content?vid=isbn:9789037541788&printsec=frontcover&img=1&zoom=1"
"Kroonsz","Marco Kunst","fantasy, avontuur","Eerste graad","Nederlandstalige fictie","9789028686438","https://books.google.com/books/content?vid=isbn:9789028686438&printsec=frontcover&img=1&zoom=1"
"Maya","Jostein Gaarder","filosofie, fantasie, mysterie","Tweede graad","Nederlandstalige fictie","9789041768945","https://books.google.com/books/content?vid=isbn:9789041768945&printsec=frontcover&img=1&zoom=1"
"Broere: de oudste, de stilste, de echtste, de verste, de lief","Bart Moeyaert","familie, verlies, autobiografie","Derde graad","Nederlandstalige fictie","9789067528442","https://books.google.com/books/content?vid=isbn:9789067528442&printsec=frontcover&img=1&zoom=1"
"Lang zal ze leven","Koos Meinderts","familie, vriendschap","Eerste graad","Nederlandstalige fictie","9789048712052","https://books.google.com/books/content?vid=isbn:9789048712052&printsec=frontcover&img=1&zoom=1"
"Wespennest","Bart Moeyaert","spanning, mysterie, misdaad","Tweede graad","Nederlandstalige fictie","9789051933022","https://books.google.com/books/content?vid=isbn:9789051933022&printsec=frontcover&img=1&zoom=1"
"Het is de liefde die we niet begrijpen","Bart Moeyaert","queer, familie","Derde graad","Nederlandstalige fictie","9789035048781","https://books.google.com/books/content?vid=isbn:9789035048781&printsec=frontcover&img=1&zoom=1"
"De Bruid","Dirk Bracke","romance, verlies","Tweede graad","Nederlandstalige fictie","9789039028917","https://books.google.com/books/content?vid=isbn:9789039028917&printsec=frontcover&img=1&zoom=1"
"Het Zwijgen van de Vossen","Mario van Brakel","spanning, mysterie, misdaad","Eerste graad","Nederlandstalige fictie","9789086018729","https://books.google.com/books/content?vid=isbn:9789086018729&printsec=frontcover&img=1&zoom=1"
"De Kid: Uit het leven van Charlie Chaplin","Freek Neirynck","biografie, historisch, film","Eerste graad","Nederlandstalige fictie","9789083547979","https://books.google.com/books/content?vid=isbn:9789083547979&printsec=frontcover&img=1&zoom=1"
"De geur van metisse","Per Nilson","coming of age, identiteit, school","Eerste graad","Nederlandstalige fictie","9789062959845","https://books.google.com/books/content?vid=isbn:9789062959845&printsec=frontcover&img=1&zoom=1"
"Wapenland","Marc Hendrickx","spanning, misdaad, actie","Eerste graad","Nederlandstalige fictie","9789034735501","https://books.google.com/books/content?vid=isbn:9789034735501&printsec=frontcover&img=1&zoom=1"
"De veerpont","James Moloney","familie, coming of age, avontuur","Eerste graad","Nederlandstalige fictie","9789086825524","https://books.google.com/books/content?vid=isbn:9789086825524&printsec=frontcover&img=1&zoom=1"
"Samen Sterk","Donna Jo Napoli","familie, verlies","Eerste graad","Nederlandstalige fictie","9789055007050","https://books.google.com/books/content?vid=isbn:9789055007050&printsec=frontcover&img=1&zoom=1"
"De Russische Connectie (Artemis Fowl, #2)","Eoin Colfer","avontuur, fantasy, spanning","Eerste graad","Nederlandstalige fictie","9789067666191","https://books.google.com/books/content?vid=isbn:9789067666191&printsec=frontcover&img=1&zoom=1"
"Feun en de vloek van de sjamaan (Feun, #1)","Paul Kustermans","avontuur, fantasy","Eerste graad","Nederlandstalige fictie","9789060855727","https://books.google.com/books/content?vid=isbn:9789060855727&printsec=frontcover&img=1&zoom=1"
"Mariken","Peter van Gestel","historisch, avontuur, klassieker","Eerste graad","Nederlandstalige fictie","9789016161585","https://books.google.com/books/content?vid=isbn:9789016161585&printsec=frontcover&img=1&zoom=1"
"AANDENKEN","Unknown Author","familie, verlies","Eerste graad","Nederlandstalige fictie","9789057031781","https://books.google.com/books/content?vid=isbn:9789057031781&printsec=frontcover&img=1&zoom=1"
"Die dag aan zee","Peter van Gestel","familie, coming of age, verlies","Eerste graad","Nederlandstalige fictie","9789093074937","https://books.google.com/books/content?vid=isbn:9789093074937&printsec=frontcover&img=1&zoom=1"
"De god beneden de zee: het verhaal van de Griekse goden","Leon Garfield","mythologie, klassieker, fantasie","Eerste graad","Nederlandstalige fictie","9789016725609","https://books.google.com/books/content?vid=isbn:9789016725609&printsec=frontcover&img=1&zoom=1"
"Slangen in de kinderkamer","Leon Garfield","avontuur, mysterie, familie","Eerste graad","Nederlandstalige fictie","9789040844299","https://books.google.com/books/content?vid=isbn:9789040844299&printsec=frontcover&img=1&zoom=1"
"Hallo, is daar iemand?","Jostein Gaarder","filosofie, fantasie","Eerste graad","Nederlandstalige fictie","9789087926132","https://books.google.com/books/content?vid=isbn:9789087926132&printsec=frontcover&img=1&zoom=1"
"Hermelijn","Linda van Mieghem","familie, verlies","Tweede graad","Nederlandstalige fictie","9789020135611","https://books.google.com/books/content?vid=isbn:9789020135611&printsec=frontcover&img=1&zoom=1"
"Een andere huid","Yennik Meert","coming of age, identiteit","Tweede graad","Nederlandstalige fictie","9789066268311","https://books.google.com/books/content?vid=isbn:9789066268311&printsec=frontcover&img=1&zoom=1"
"Malou van de Mussen","Noëlla Elpers","familie, mysterie","Eerste graad","Nederlandstalige fictie","9789092667612","https://books.google.com/books/content?vid=isbn:9789092667612&printsec=frontcover&img=1&zoom=1"
"¡Dolores!","Noëlla Elpers","historisch, verlies","Tweede graad","Nederlandstalige fictie","9789016413537","https://books.google.com/books/content?vid=isbn:9789016413537&printsec=frontcover&img=1&zoom=1"
"Rood weeskind","Begga Dom","familie, verlies","Eerste graad","Nederlandstalige fictie","9789081996368","https://books.google.com/books/content?vid=isbn:9789081996368&printsec=frontcover&img=1&zoom=1"
"Breuklijn","Ludo Enckels","verlies, young adult, vriendschap","Eerste graad","Nederlandstalige fictie","9789036004725","https://books.google.com/books/content?vid=isbn:9789036004725&printsec=frontcover&img=1&zoom=1"
"Bloemen op de muur","Kristien Dieltiens","familie, verlies","Eerste graad","Nederlandstalige fictie","9789056344966","https://books.google.com/books/content?vid=isbn:9789056344966&printsec=frontcover&img=1&zoom=1"
"De stille pijn van Luca","Kristien Dieltiens","mental health, coming of age","Tweede graad","Nederlandstalige fictie","9789065437959","https://books.google.com/books/content?vid=isbn:9789065437959&printsec=frontcover&img=1&zoom=1"
"Candide","Kristien Dieltiens","historisch, klassieker, satire","Derde graad","Nederlandstalige fictie","9789018579085","https://books.google.com/books/content?vid=isbn:9789018579085&printsec=frontcover&img=1&zoom=1"
"Kelderkind","Kristien Dieltiens","psychologisch, verlies","Derde graad","Nederlandstalige fictie","9789020794371","https://books.google.com/books/content?vid=isbn:9789020794371&printsec=frontcover&img=1&zoom=1"
"William S.","Anthony Horowitz","mysterie, spanning, avontuur","Tweede graad","Nederlandstalige fictie","9789073333904","https://books.google.com/books/content?vid=isbn:9789073333904&printsec=frontcover&img=1&zoom=1"
"Lawines razen","An Rutgers van der Loeff","avontuur, natuur, verlies","Eerste graad","Nederlandstalige fictie","9789034634411","https://books.google.com/books/content?vid=isbn:9789034634411&printsec=frontcover&img=1&zoom=1"
"Een eiland in zee","Annika Thor","historisch, vriendschap, verlies","Eerste graad","Boektoppers","9789033174584","https://books.google.com/books/content?vid=isbn:9789033174584&printsec=frontcover&img=1&zoom=1"
"Geluk in een pil","Martina de Ridder","mental health, school","Tweede graad","Nederlandstalige fictie","9789074212329","https://books.google.com/books/content?vid=isbn:9789074212329&printsec=frontcover&img=1&zoom=1"
"Jonkvrouw","Jean-Claude van Rijckeghem","historisch, romance, coming of age","Tweede graad","Boektoppers","9789023884178","https://books.google.com/books/content?vid=isbn:9789023884178&printsec=frontcover&img=1&zoom=1"
"Strepen op de weg","Marja van der Linden-Taal","school, identiteit","Eerste graad","Boektoppers","9789071717585","https://books.google.com/books/content?vid=isbn:9789071717585&printsec=frontcover&img=1&zoom=1"
"Winterijs","Peter van Gestel","historisch, verlies, vriendschap","Tweede graad","Boektoppers","9789030937868","https://books.google.com/books/content?vid=isbn:9789030937868&printsec=frontcover&img=1&zoom=1"
"De gelukvinder","Edward van de Vendel","migratie, coming of age, vriendschap","Tweede graad","Boektoppers","9789025317616","https://books.google.com/books/content?vid=isbn:9789025317616&printsec=frontcover&img=1&zoom=1"
"Gaten","Louis Sachar","avontuur, mysterie, vriendschap","Eerste graad","Boektoppers","9789093314700","https://books.google.com/books/content?vid=isbn:9789093314700&printsec=frontcover&img=1&zoom=1"
"Martine Koperslager","Selma Noort","familie, historisch","Eerste graad","Nederlandstalige fictie","9789069404162","https://books.google.com/books/content?vid=isbn:9789069404162&printsec=frontcover&img=1&zoom=1"
"Het Lazarusplan","Karel Smolders","spanning, misdaad, mysterie","Derde graad","Nederlandstalige fictie","9789045094497","https://books.google.com/books/content?vid=isbn:9789045094497&printsec=frontcover&img=1&zoom=1"
"Lara","Inez van Loon","avontuur, coming of age, familie, identiteit, historisch, vriendschap, romance, mysterie","Tweede graad","Boektoppers","9789041453312","https://books.google.com/books/content?vid=isbn:9789041453312&printsec=frontcover&img=1&zoom=1"
"Niets","Janne Teller","filosofie, identiteit","Derde graad","Nederlandstalige fictie","9789035381794","https://books.google.com/books/content?vid=isbn:9789035381794&printsec=frontcover&img=1&zoom=1"
"Wild water","Scott O'Dell","avontuur, historisch, verlies","Eerste graad","Boektoppers","9789026576198","https://books.google.com/books/content?vid=isbn:9789026576198&printsec=frontcover&img=1&zoom=1"
"De varkensput","Willy Spillebeen","spanning, vriendschap, politiek","Tweede graad","Nederlandstalige fictie","9789096261385","https://books.google.com/books/content?vid=isbn:9789096261385&printsec=frontcover&img=1&zoom=1"
"Een dolle nacht in Culandria","Frans Smets","humor, avontuur, mysterie","Eerste graad","Nederlandstalige fictie","9789031477116","https://books.google.com/books/content?vid=isbn:9789031477116&printsec=frontcover&img=1&zoom=1"
"Mazzel tov","Margot Vanderstraeten","non-fictie, autobiografie, cultuur","Derde graad","Boektoppers","9789035272662","https://books.google.com/books/content?vid=isbn:9789035272662&printsec=frontcover&img=1&zoom=1"
"Het toeval","Willy Spillebeen","familie, verlies","Tweede graad","Nederlandstalige fictie","9789037128387","https://books.google.com/books/content?vid=isbn:9789037128387&printsec=frontcover&img=1&zoom=1"
"Cortés of de val","Willy Spillebeen","avontuur, historisch, klassieker","Derde graad","Nederlandstalige fictie","9789017155205","https://books.google.com/books/content?vid=isbn:9789017155205&printsec=frontcover&img=1&zoom=1"
"De aardappeleters : een machtig epos over lerland en het","Liam O'Flaherty","avontuur, historisch, familie","Derde graad","Nederlandstalige fictie","9789048915549","https://books.google.com/books/content?vid=isbn:9789048915549&printsec=frontcover&img=1&zoom=1"
"Verre wereld","Els Pelgrom","kortverhalen, historisch, verlies","Eerste graad","Nederlandstalige fictie","9789056688707","https://books.google.com/books/content?vid=isbn:9789056688707&printsec=frontcover&img=1&zoom=1"
"Jimmies kudde","Roger H. Schoemans","historisch, avontuur, vriendschap","Eerste graad","Nederlandstalige fictie","9789048336463","https://books.google.com/books/content?vid=isbn:9789048336463&printsec=frontcover&img=1&zoom=1"
"Vals nest","Beatrijs Peeters","spanning, mysterie, familie","Tweede graad","Nederlandstalige fictie","9789060709287","https://books.google.com/books/content?vid=isbn:9789060709287&printsec=frontcover&img=1&zoom=1"
"Noodweer","Suzanne Fisher Staples","avontuur, natuur, verlies","Tweede graad","Nederlandstalige fictie","9789041784769","https://books.google.com/books/content?vid=isbn:9789041784769&printsec=frontcover&img=1&zoom=1"
"Sterke schouders","Hanneke de Jong","coming of age, identiteit, familie","Eerste graad","Nederlandstalige fictie","9789082185724","https://books.google.com/books/content?vid=isbn:9789082185724&printsec=frontcover&img=1&zoom=1"
"Het geheim van Ruysbroeck","Bart Römer","mysterie, avontuur, spanning","Eerste graad","Nederlandstalige fictie","9789072566148","https://books.google.com/books/content?vid=isbn:9789072566148&printsec=frontcover&img=1&zoom=1"
"Bloedzusters (Witch Child #2)","Celia Rees","young adult, fantasy, historisch","Tweede graad","Nederlandstalige fictie","9789078592653","https://books.google.com/books/content?vid=isbn:9789078592653&printsec=frontcover&img=1&zoom=1"
"Voor altijd : Romeo en Julia : een vleselijk liefdesverhaal","Pepijn Lievens","young adult, verlies, romance","Tweede graad","Nederlandstalige fictie","9789032679934","https://books.google.com/books/content?vid=isbn:9789032679934&printsec=frontcover&img=1&zoom=1"
"Oom Wolfraam en mijn chemische jeugd","Oliver Sacks","autobiografie, wetenschap, non-fictie","Derde graad","Nederlandstalige fictie","9789018547567","https://books.google.com/books/content?vid=isbn:9789018547567&printsec=frontcover&img=1&zoom=1"
"Zeer kleine liefde: Met foto's van een twaalfjarige","Ted van Lieshout","poëzie, identiteit, liefde","Tweede graad","Nederlandstalige fictie","9789070816671","https://books.google.com/books/content?vid=isbn:9789070816671&printsec=frontcover&img=1&zoom=1"
"Razborka","Jonathan Sonnst","spanning, misdaad, actie","Derde graad","Poëzie","9789094529711","https://books.google.com/books/content?vid=isbn:9789094529711&printsec=frontcover&img=1&zoom=1"
"DOOS","Do Van Ranst","coming of age, identiteit","Tweede graad","Nederlandstalige fictie","9789056701852","https://books.google.com/books/content?vid=isbn:9789056701852&printsec=frontcover&img=1&zoom=1"
"Stilstaan","Willy Schuyesmans","spanning, misdaad, mysterie","Tweede graad","Nederlandstalige fictie","9789054695608","https://books.google.com/books/content?vid=isbn:9789054695608&printsec=frontcover&img=1&zoom=1"
"de laatste stap","mick van schooneveld","mental health, verlies","Tweede graad","Nederlandstalige fictie","9789034149506","https://books.google.com/books/content?vid=isbn:9789034149506&printsec=frontcover&img=1&zoom=1"
"Grenzen","Katrien Seynaeve","coming of age, identiteit, school","Eerste graad","Nederlandstalige fictie","9789025023277","https://books.google.com/books/content?vid=isbn:9789025023277&printsec=frontcover&img=1&zoom=1"
"De vampierenmoord","Sam van Rooy","spanning, mysterie, horror, misdaad","Tweede graad","Nederlandstalige fictie","9789067271276","https://books.google.com/books/content?vid=isbn:9789067271276&printsec=frontcover&img=1&zoom=1"
"Wolvensaga","Käthe Recheis","young adult, fantasy, avontuur","Eerste graad","Nederlandstalige fictie","9789018725058","https://books.google.com/books/content?vid=isbn:9789018725058&printsec=frontcover&img=1&zoom=1"
"Jan, mijn vriend","Peter Pohl","coming of age, vriendschap","Tweede graad","Nederlandstalige fictie","9789071263416","https://books.google.com/books/content?vid=isbn:9789071263416&printsec=frontcover&img=1&zoom=1"
"De tijd is een cirkel","Malika Oulad-Chaâra","avontuur, science-fiction, young adult","Tweede graad","Nederlandstalige fictie","9789023374833","https://books.google.com/books/content?vid=isbn:9789023374833&printsec=frontcover&img=1&zoom=1"
"Dans in de branding (Davidsfonds/Infodok-jeugd)","Unknown Author","historisch, familie","Eerste graad","Nederlandstalige fictie","9789014614261","https://books.google.com/books/content?vid=isbn:9789014614261&printsec=frontcover&img=1&zoom=1"
"De dromenkoning","Anne Rutyne","fantasy, avontuur","Eerste graad","Nederlandstalige fictie","9789064939102","https://books.google.com/books/content?vid=isbn:9789064939102&printsec=frontcover&img=1&zoom=1"
"Brief van goud","Roger Vanhoeck","avontuur, mysterie, romance","Eerste graad","Nederlandstalige fictie","9789032541394","https://books.google.com/books/content?vid=isbn:9789032541394&printsec=frontcover&img=1&zoom=1"
"Madame Sarah","Van 't oosten An","familie, mysterie","Eerste graad","Nederlandstalige fictie","9789087408122","https://books.google.com/books/content?vid=isbn:9789087408122&printsec=frontcover&img=1&zoom=1"
"Mijn vader zegt dat wij tevens redden","Do Van Ranst","coming of age, familie","Eerste graad","Nederlandstalige fictie","9789086855599","https://books.google.com/books/content?vid=isbn:9789086855599&printsec=frontcover&img=1&zoom=1"
"Laarzen voor de doden (Davidsfonds/Infodok-jeugd)","Robert Swindells","historisch, oorlog, spanning","Tweede graad","Nederlandstalige fictie","9789010861810","https://books.google.com/books/content?vid=isbn:9789010861810&printsec=frontcover&img=1&zoom=1"
"Boomhuttentijd","Do Van Ranst","vriendschap, avontuur, familie","Eerste graad","Nederlandstalige fictie","9789051933202","https://books.google.com/books/content?vid=isbn:9789051933202&printsec=frontcover&img=1&zoom=1"
"The Ruby in the Smoke (Sally Lockhart, #1)","Philip Pullman","mysterie, spanning, historisch","Derde graad","Nederlandstalige fictie","9789099918449","https://books.google.com/books/content?vid=isbn:9789099918449&printsec=frontcover&img=1&zoom=1"
"Dun!","Do Van Ranst","coming of age, school, identiteit","Tweede graad","Nederlandstalige fictie","9789096475331","https://books.google.com/books/content?vid=isbn:9789096475331&printsec=frontcover&img=1&zoom=1"
"Nachtogen","Peter van Gestel","familie, mysterie, verlies","Eerste graad","Nederlandstalige fictie","9789057203434","https://books.google.com/books/content?vid=isbn:9789057203434&printsec=frontcover&img=1&zoom=1"
"De Slachte","Ridley Pearson","horror, mysterie, misdaad, spanning, detective","Tweede graad","Nederlandstalige fictie","9789029961483","https://books.google.com/books/content?vid=isbn:9789029961483&printsec=frontcover&img=1&zoom=1"
"Smash ! (Top)","Robert Swindells","spanning, avontuur, school","Eerste graad","Nederlandstalige fictie","9789078787549","https://books.google.com/books/content?vid=isbn:9789078787549&printsec=frontcover&img=1&zoom=1"
"Zomerkamp Shelter","Jayne Anne Phillips","spanning, mysterie, verlies","Tweede graad","Nederlandstalige fictie","9789084891641","https://books.google.com/books/content?vid=isbn:9789084891641&printsec=frontcover&img=1&zoom=1"
"Het zwaard van de krab","Margreet Jansen","historisch, avontuur, mysterie","Eerste graad","Nederlandstalige fictie","9789091897118","https://books.google.com/books/content?vid=isbn:9789091897118&printsec=frontcover&img=1&zoom=1"
"De regenboog heeft maar acht kleuren","Peter Pohl","coming of age, identiteit","Tweede graad","Nederlandstalige fictie","9789012697478","https://books.google.com/books/content?vid=isbn:9789012697478&printsec=frontcover&img=1&zoom=1"
"Vallen","Anne Provoost","coming of age, psychologisch","Tweede graad","Nederlandstalige fictie","9789049638352","https://books.google.com/books/content?vid=isbn:9789049638352&printsec=frontcover&img=1&zoom=1"
"Laat me met rust","Unknown Author","familie, verlies","Eerste graad","Nederlandstalige fictie","9789057725390","https://books.google.com/books/content?vid=isbn:9789057725390&printsec=frontcover&img=1&zoom=1"
"Middernachtzonde","Willy Schuyesmans","spanning, mysterie, misdaad","Tweede graad","Nederlandstalige fictie","9789067803469","https://books.google.com/books/content?vid=isbn:9789067803469&printsec=frontcover&img=1&zoom=1"
"De winter van de Belgica","Willy Schuyesmans","historisch, avontuur, verlies","Tweede graad","Nederlandstalige fictie","9789078252911","https://books.google.com/books/content?vid=isbn:9789078252911&printsec=frontcover&img=1&zoom=1"
"Vader, moeder, ik en zij","Jürg Schubiger","familie, identiteit","Tweede graad","Nederlandstalige fictie","9789095764691","https://books.google.com/books/content?vid=isbn:9789095764691&printsec=frontcover&img=1&zoom=1"
"Antigone's keuze: Antigone van Sophocles","Willy Schuyesmans","klassieker, mythologie","Derde graad","Nederlandstalige fictie","9789096186578","https://books.google.com/books/content?vid=isbn:9789096186578&printsec=frontcover&img=1&zoom=1"
"Een pluisje van de zee","Willy Spillebeen","familie, verlies","Eerste graad","Nederlandstalige fictie","9789093166670","https://books.google.com/books/content?vid=isbn:9789093166670&printsec=frontcover&img=1&zoom=1"
"Braam","Willy Schuyesmans","spanning, mysterie, avontuur","Tweede graad","Nederlandstalige fictie","9789073979947","https://books.google.com/books/content?vid=isbn:9789073979947&printsec=frontcover&img=1&zoom=1"
"Little black spiders","Ina Vandewijer","historisch, verlies","Tweede graad","Nederlandstalige fictie","9789017137506","https://books.google.com/books/content?vid=isbn:9789017137506&printsec=frontcover&img=1&zoom=1"
"Waterschimmen","Roger H. Schoemans","mysterie, spanning, verlies","Tweede graad","Nederlandstalige fictie","9789071163590","https://books.google.com/books/content?vid=isbn:9789071163590&printsec=frontcover&img=1&zoom=1"
"De Veenhocks","Bart Römer","avontuur, mysterie, vriendschap, familie, mental health, coming of age","Eerste graad","Nederlandstalige fictie","9789068509071","https://books.google.com/books/content?vid=isbn:9789068509071&printsec=frontcover&img=1&zoom=1"
"Ik heet Olivia en daar kan ik ook niks aan doen","Jowi Schmitz","coming of age, identiteit, humor","Eerste graad","Nederlandstalige fictie","9789066493461","https://books.google.com/books/content?vid=isbn:9789066493461&printsec=frontcover&img=1&zoom=1"
"De schat van Util","Roger H. Schoemans","avontuur, mysterie, historisch","Eerste graad","Nederlandstalige fictie","9789064472360","https://books.google.com/books/content?vid=isbn:9789064472360&printsec=frontcover&img=1&zoom=1"
"Het mes van Milosh","Roger H. Schoemans","historisch, avontuur, spanning","Eerste graad","Nederlandstalige fictie","9789067726595","https://books.google.com/books/content?vid=isbn:9789067726595&printsec=frontcover&img=1&zoom=1"
"Flavius ontvoerd (Echt gebeurd)","Unknown Author","historisch, avontuur, spanning","Eerste graad","Nederlandstalige fictie","9789038689507","https://books.google.com/books/content?vid=isbn:9789038689507&printsec=frontcover&img=1&zoom=1"
"Het huis aan het kanaal","Georges Simenon","mysterie, spanning, misdaad","Derde graad","Nederlandstalige fictie","9789088407462","https://books.google.com/books/content?vid=isbn:9789088407462&printsec=frontcover&img=1&zoom=1"
"De nacht van 2 April","Jan Simoen","identiteit, oorlog, familie, mysterie","Tweede graad","Nederlandstalige fictie","9789032091647","https://books.google.com/books/content?vid=isbn:9789032091647&printsec=frontcover&img=1&zoom=1"
"Rotmoevie","Marian De Smet","queer, coming of age, identiteit","Tweede graad","Nederlandstalige fictie","9789016054003","https://books.google.com/books/content?vid=isbn:9789016054003&printsec=frontcover&img=1&zoom=1"
"Serge / Samuel","Willy Spillebeen","familie, verlies","Tweede graad","Nederlandstalige fictie","9789017179103","https://books.google.com/books/content?vid=isbn:9789017179103&printsec=frontcover&img=1&zoom=1"
"Wat niemand ziet","Martijn Niemeijer","spanning, mysterie, psychologisch","Tweede graad","Nederlandstalige fictie","9789016864234","https://books.google.com/books/content?vid=isbn:9789016864234&printsec=frontcover&img=1&zoom=1"
"Afblijven","Carry Slee","vriendschap, school, coming of age","Tweede graad","Nederlandstalige fictie","9789094445078","https://books.google.com/books/content?vid=isbn:9789094445078&printsec=frontcover&img=1&zoom=1"
"We noemen hem Anna","Peter Pohl","familie, verlies","Tweede graad","Nederlandstalige fictie","9789087563590","https://books.google.com/books/content?vid=isbn:9789087563590&printsec=frontcover&img=1&zoom=1"
"De kleuren van het getto","Aline Sax","historisch, graphic-novel, oorlog","Tweede graad","Nederlandstalige fictie","9789041313925","https://books.google.com/books/content?vid=isbn:9789041313925&printsec=frontcover&img=1&zoom=1"
"Drakenslippers","Rosalind B. Penfold","graphic-novel, autobiografie, mental health","Tweede graad","Graphic novels","9789017839865","https://books.google.com/books/content?vid=isbn:9789017839865&printsec=frontcover&img=1&zoom=1"
"Een jongen","Sonya Hartnett","coming of age, familie","Tweede graad","Boektoppers","9789054762275","https://books.google.com/books/content?vid=isbn:9789054762275&printsec=frontcover&img=1&zoom=1"
"Jij, jij en jij","Per Nilsson","coming of age, romance, identiteit","Tweede graad","Boektoppers","9789081595097","https://books.google.com/books/content?vid=isbn:9789081595097&printsec=frontcover&img=1&zoom=1"
"P.S. Ik ben uw dochter","Mirjam Oldenhave","familie, humor, identiteit","Tweede graad","Boektoppers","9789073344472","https://books.google.com/books/content?vid=isbn:9789073344472&printsec=frontcover&img=1&zoom=1"
"Torak en Wolf (Avonturen uit een magisch verleden, #1)","Michelle Paver","avontuur, fantasie, mythologie","Eerste graad","Boektoppers","9789091298087","https://books.google.com/books/content?vid=isbn:9789091298087&printsec=frontcover&img=1&zoom=1"
"Stiefkind","Selma Noort","familie, verlies","Tweede graad","Boektoppers","9789070189168","https://books.google.com/books/content?vid=isbn:9789070189168&printsec=frontcover&img=1&zoom=1"
"Hoe ik per ongeluk een boek schreef","Annet Huizing","humor, coming of age, familie","Eerste graad","Boektoppers","9789053699201","https://books.google.com/books/content?vid=isbn:9789053699201&printsec=frontcover&img=1&zoom=1"
"Dagboek van een vampierwatje","Tim Collins","humor, school, fantasie","Eerste graad","Nederlandstalige fictie","9789079551806","https://books.google.com/books/content?vid=isbn:9789079551806&printsec=frontcover&img=1&zoom=1"
"Het nest","Cynthia D'Aprix Sweeney","familie, verlies","Derde graad","Nederlandstalige fictie","9789039566584","https://books.google.com/books/content?vid=isbn:9789039566584&printsec=frontcover&img=1&zoom=1"
"William Wenton en de luridiumdef","Bobbie Peers","avontuur, fantasie, spanning","Eerste graad","Boektoppers","9789062622051","https://books.google.com/books/content?vid=isbn:9789062622051&printsec=frontcover&img=1&zoom=1"
"Jongen zonder naam","Bettie Elias","historisch, familie, verlies","Tweede graad","Boektoppers","9789063727764","https://books.google.com/books/content?vid=isbn:9789063727764&printsec=frontcover&img=1&zoom=1"
"Het zijn net mensen: Beelden uit het Midden-Oosten","Joris Luyendijk","non-fictie, politiek, cultuur","Derde graad","Boektoppers","9789060215569","https://books.google.com/books/content?vid=isbn:9789060215569&printsec=frontcover&img=1&zoom=1"
"De jongen in het graf (Liese Meerhout, #14)","Toni Coppers","misdaad, spanning, mysterie","Derde graad","Nederlandstalige fictie","9789079812707","https://books.google.com/books/content?vid=isbn:9789079812707&printsec=frontcover&img=1&zoom=1"
"Ik weet een geheim (Rizzoli & Isles, #12)","Tess Gerritsen","misdaad, spanning, mysterie","Derde graad","Nederlandstalige fictie","9789067595570","https://books.google.com/books/content?vid=isbn:9789067595570&printsec=frontcover&img=1&zoom=1"
"Veronderstellingen","Annelies Verbeke","familie, identiteit","Tweede graad","Boektoppers","9789067767296","https://books.google.com/books/content?vid=isbn:9789067767296&printsec=frontcover&img=1&zoom=1"
"Seventeen","Per Nilsson","coming of age, identiteit, romance","Tweede graad","Boektoppers","9789054987540","https://books.google.com/books/content?vid=isbn:9789054987540&printsec=frontcover&img=1&zoom=1"
"De 100-jarige man die uit het raam klom en verdween","Jonas Jonasson","humor, avontuur, satire","Derde graad","Nederlandstalige fictie","9789022297876","https://books.google.com/books/content?vid=isbn:9789022297876&printsec=frontcover&img=1&zoom=1"
"Het klimaat zijn wij: De wereld redden begint bij het ontbijt","Jonathan Safran Foer","non-fictie, actueel, ethiek","Derde graad","Boektoppers","9789069526252","https://books.google.com/books/content?vid=isbn:9789069526252&printsec=frontcover&img=1&zoom=1"
"De laatkomer","Dimitri Verhulst","familie, verlies, romance","Derde graad","Nederlandstalige fictie","9789015102469","https://books.google.com/books/content?vid=isbn:9789015102469&printsec=frontcover&img=1&zoom=1"
"Het koningsteken. Een koning voor de Dalriaden","Rosemary Sutcliff","historisch, avontuur, klassieker","Tweede graad","Nederlandstalige fictie","9789081791352","https://books.google.com/books/content?vid=isbn:9789081791352&printsec=frontcover&img=1&zoom=1"
"Zwaard en kroon","Rosemary Sutcliff","historisch, avontuur, klassieker","Tweede graad","Nederlandstalige fictie","9789021013415","https://books.google.com/books/content?vid=isbn:9789021013415&printsec=frontcover&img=1&zoom=1"
"Moord met een geurtje","Hilde E. Gerard","humor, mysterie, spanning","Eerste graad","Boektoppers","9789069334929","https://books.google.com/books/content?vid=isbn:9789069334929&printsec=frontcover&img=1&zoom=1"
"De laatsten","Isabelle Quinn","fantasy, avontuur, mysterie","Tweede graad","Boektoppers","9789015307192","https://books.google.com/books/content?vid=isbn:9789015307192&printsec=frontcover&img=1&zoom=1"
"Blauwe plekken","Anke de Vries","familie, verlies","Tweede graad","Boektoppers","9789083714795","https://books.google.com/books/content?vid=isbn:9789083714795&printsec=frontcover&img=1&zoom=1"
"Over the edge","Helen Vreeswijk","spanning, misdaad, school","Tweede graad","Boektoppers","9789082738811","https://books.google.com/books/content?vid=isbn:9789082738811&printsec=frontcover&img=1&zoom=1"
"Sprong in de leegte","Lydia Rood","coming of age, school, identiteit","Eerste graad","Boektoppers","9789032556425","https://books.google.com/books/content?vid=isbn:9789032556425&printsec=frontcover&img=1&zoom=1"
"Mijn zoute zoen","Gerda van Erkel","romance, coming of age","Eerste graad","Boektoppers","9789075214214","https://books.google.com/books/content?vid=isbn:9789075214214&printsec=frontcover&img=1&zoom=1"
"Jubeltenen","Rita Verschuur","humor, familie, school","Eerste graad","Boektoppers","9789050892160","https://books.google.com/books/content?vid=isbn:9789050892160&printsec=frontcover&img=1&zoom=1"
"Gebroken soep","Jenny Valentine","familie, verlies, coming of age","Tweede graad","Boektoppers","9789040486118","https://books.google.com/books/content?vid=isbn:9789040486118&printsec=frontcover&img=1&zoom=1"
"Valse start","Gerard van Gemert","sport, avontuur, vriendschap","Eerste graad","Boektoppers","9789073406751","https://books.google.com/books/content?vid=isbn:9789073406751&printsec=frontcover&img=1&zoom=1"
"Elfenblauw: Het juweel van Silnaris (Elfenblauw, #1)","Johan Vandevelde","fantasy, avontuur, mysterie","Eerste graad","Boektoppers","9789052888934","https://books.google.com/books/content?vid=isbn:9789052888934&printsec=frontcover&img=1&zoom=1"
"Zijdeman","Kathleen Vereecken","historisch, familie, verlies","Eerste graad","Boektoppers","9789083113199","https://books.google.com/books/content?vid=isbn:9789083113199&printsec=frontcover&img=1&zoom=1"
"Zoals het gebeurd is","Herman van de Wijdeven","avontuur, vriendschap, coming of age","Tweede graad","Boektoppers","9789056788107","https://books.google.com/books/content?vid=isbn:9789056788107&printsec=frontcover&img=1&zoom=1"
"De ruïnes van Gorlan (De Grijze Jager, #1)","John Flanagan","avontuur, fantasy, vriendschap","Eerste graad","Boektoppers","9789042792252","https://books.google.com/books/content?vid=isbn:9789042792252&printsec=frontcover&img=1&zoom=1"
"Ontvoerd","Helen Vreeswijk","spanning, mysterie, misdaad","Tweede graad","Boektoppers","9789022135622","https://books.google.com/books/content?vid=isbn:9789022135622&printsec=frontcover&img=1&zoom=1"
"Oorlogswinter","Jan Terlouw","historisch, oorlog, spanning","Tweede graad","Boektoppers","9789082921895","https://books.google.com/books/content?vid=isbn:9789082921895&printsec=frontcover&img=1&zoom=1"
"Ons derde lichaam","Edward van de Vendel","queer, identiteit","Derde graad","Boektoppers","9789066928261","https://books.google.com/books/content?vid=isbn:9789066928261&printsec=frontcover&img=1&zoom=1"
"Wild vlees","Marita de Sterck","familie, verlies","Tweede graad","Boektoppers","9789098823974","https://books.google.com/books/content?vid=isbn:9789098823974&printsec=frontcover&img=1&zoom=1"
"Je ziet maar ... !","René Swartenbroekx","humor, familie, school","Eerste graad","Boektoppers","9789035808282","https://books.google.com/books/content?vid=isbn:9789035808282&printsec=frontcover&img=1&zoom=1"
"Verloren vrouw","Gillian Flynn","misdaad, familie, mysterie, spanning","Derde graad","Boektoppers","9789069226203","https://books.google.com/books/content?vid=isbn:9789069226203&printsec=frontcover&img=1&zoom=1"
"Anna Was hier (Dutch Edition)","Gerda De Preter","familie, identiteit","Tweede graad","Boektoppers","9789029883052","https://books.google.com/books/content?vid=isbn:9789029883052&printsec=frontcover&img=1&zoom=1"
"Johanno","Simone van der Vlugt","historisch, mysterie, spanning","Tweede graad","Boektoppers","9789048789097","https://books.google.com/books/content?vid=isbn:9789048789097&printsec=frontcover&img=1&zoom=1"
"Zoek","Mats Wahl","misdaad, mysterie, school, verlies, spanning","Tweede graad","Boektoppers","9789014304698","https://books.google.com/books/content?vid=isbn:9789014304698&printsec=frontcover&img=1&zoom=1"
"De Heggenrijder","Jan de Zutter","avontuur, mysterie, fantasie","Eerste graad","Boektoppers","9789070445788","https://books.google.com/books/content?vid=isbn:9789070445788&printsec=frontcover&img=1&zoom=1"
"De Grote oversteek","Michael Morpurgo","historisch, oorlog, verlies","Eerste graad","Nederlandstalige fictie","9789031267261","https://books.google.com/books/content?vid=isbn:9789031267261&printsec=frontcover&img=1&zoom=1"
"Koor","Peter Verhelst","poëzie, identiteit, kunst","Derde graad","Nederlandstalige fictie","9789020774166","https://books.google.com/books/content?vid=isbn:9789020774166&printsec=frontcover&img=1&zoom=1"
"Het Gevederde gevoel: Verhalen (Dutch Edition)","Unknown Author","kortverhalen, cultuur, identiteit","Derde graad","Poëzie","9789088426386","https://books.google.com/books/content?vid=isbn:9789088426386&printsec=frontcover&img=1&zoom=1"
"Brix, om te leven (Dutch Edition)","Herman Vos","avontuur, coming of age, spanning","Tweede graad","Nederlandstalige fictie","9789077089439","https://books.google.com/books/content?vid=isbn:9789077089439&printsec=frontcover&img=1&zoom=1"
"Ssst! Wie niet horen wil, moet voelen","Piet De Loof","humor, school, vriendschap","Eerste graad","Nederlandstalige fictie","9789022082285","https://books.google.com/books/content?vid=isbn:9789022082285&printsec=frontcover&img=1&zoom=1"
"Ik geef je de zon","Jandy Nelson","queer, coming of age, familie, kunst","Derde graad","Boektoppers","9789022155607","https://books.google.com/books/content?vid=isbn:9789022155607&printsec=frontcover&img=1&zoom=1"
"Pijnlijke papieren","Cynthia Voigt","familie, verlies","Tweede graad","Boektoppers","9789094764522","https://books.google.com/books/content?vid=isbn:9789094764522&printsec=frontcover&img=1&zoom=1"
"Niemand anders dan ik","Cynthia Voigt","familie, verlies","Tweede graad","Nederlandstalige fictie","9789039818862","https://books.google.com/books/content?vid=isbn:9789039818862&printsec=frontcover&img=1&zoom=1"
"See Ya, Simon","David Hill","mental health, vriendschap","Tweede graad","Boektoppers","9789080886140","https://books.google.com/books/content?vid=isbn:9789080886140&printsec=frontcover&img=1&zoom=1"
"Op kot","Marita de Sterck","coming of age, school, humor","Tweede graad","Boektoppers","9789030346302","https://books.google.com/books/content?vid=isbn:9789030346302&printsec=frontcover&img=1&zoom=1"
"The Flawed Glass","Ian Strachan","mental health, verlies","Tweede graad","Boektoppers","9789059822682","https://books.google.com/books/content?vid=isbn:9789059822682&printsec=frontcover&img=1&zoom=1"
"Hertz","Marleen Nelen","familie, verlies","Tweede graad","Boektoppers","9789062868263","https://books.google.com/books/content?vid=isbn:9789062868263&printsec=frontcover&img=1&zoom=1"
"De drie koningen aan de kust: kerstvertelsel","Stijn Streuvels","klassieker, kortverhalen, familie","Derde graad","Nederlandstalige fictie","9789066696314","https://books.google.com/books/content?vid=isbn:9789066696314&printsec=frontcover&img=1&zoom=1"
"Afscheid van een koning","Rosemary Sutcliff","historisch, avontuur, klassieker","Tweede graad","Nederlandstalige fictie","9789022923563","https://books.google.com/books/content?vid=isbn:9789022923563&printsec=frontcover&img=1&zoom=1"
"Hij was mijn vriend","Anneke Scholtens","familie, verlies","Eerste graad","Nederlandstalige fictie","9789054962284","https://books.google.com/books/content?vid=isbn:9789054962284&printsec=frontcover&img=1&zoom=1"
"Spot uit","René Swartenbroekx","humor, school, vriendschap","Eerste graad","Boektoppers","9789097401958","https://books.google.com/books/content?vid=isbn:9789097401958&printsec=frontcover&img=1&zoom=1"
"Weg","Jowi Schmitz","coming of age, verlies, familie","Tweede graad","Nederlandstalige fictie","9789037627069","https://books.google.com/books/content?vid=isbn:9789037627069&printsec=frontcover&img=1&zoom=1"
"Op zoek naar Violet Park","Jenny Valentine","mysterie, familie, coming of age","Tweede graad","Nederlandstalige fictie","9789035262759","https://books.google.com/books/content?vid=isbn:9789035262759&printsec=frontcover&img=1&zoom=1"
"Bevroren","Mischa de Vreede","mental health, verlies, familie","Derde graad","Boektoppers","9789065319629","https://books.google.com/books/content?vid=isbn:9789065319629&printsec=frontcover&img=1&zoom=1"
"Dan Alone","John Rowe Townend","avontuur, mysterie, verlies","Tweede graad","Nederlandstalige fictie","9789016749450","https://books.google.com/books/content?vid=isbn:9789016749450&printsec=frontcover&img=1&zoom=1"
"voor één zomer","Max Lundgren","coming of age, vriendschap, sport","Eerste graad","Nederlandstalige fictie","9789023301469","https://books.google.com/books/content?vid=isbn:9789023301469&printsec=frontcover&img=1&zoom=1"
"Mijn vriend Hitler","Piet De Loof","politiek, historisch","Derde graad","Nederlandstalige fictie","9789053367663","https://books.google.com/books/content?vid=isbn:9789053367663&printsec=frontcover&img=1&zoom=1"
"Merg en bloed","Ina Vandewijer","spanning, misdaad, mysterie","Tweede graad","Nederlandstalige fictie","9789078257320","https://books.google.com/books/content?vid=isbn:9789078257320&printsec=frontcover&img=1&zoom=1"
"Boer Gilles van Ham","J.R.R. Tolkien","avontuur, fantasy","Eerste graad","Nederlandstalige fictie","9789091597428","https://books.google.com/books/content?vid=isbn:9789091597428&printsec=frontcover&img=1&zoom=1"
"Wie is hier eigenlijk de baas? Briefwisseling met mijn dochter","Rita Törnqvist","familie, humor, brieven","Tweede graad","Nederlandstalige fictie","9789057457574","https://books.google.com/books/content?vid=isbn:9789057457574&printsec=frontcover&img=1&zoom=1"
"Verlangen naar vrijheid","An Rutgers van der Loeff","historisch, avontuur, verlies","Eerste graad","Nederlandstalige fictie","9789089123506","https://books.google.com/books/content?vid=isbn:9789089123506&printsec=frontcover&img=1&zoom=1"
"Het Land van het Witte Paard","Tonny Vos-Dahmen von Buchholtz","historisch, avontuur, migratie","Eerste graad","Nederlandstalige fictie","9789058735641","https://books.google.com/books/content?vid=isbn:9789058735641&printsec=frontcover&img=1&zoom=1"
"Moord op een schilderij","Hilde E. Gerard","mysterie, spanning, misdaad","Eerste graad","Boektoppers","9789019812617","https://books.google.com/books/content?vid=isbn:9789019812617&printsec=frontcover&img=1&zoom=1"
"Emma's noorderlicht","Diet Verschoor","coming of age, familie, verlies","Tweede graad","Boektoppers","9789078095957","https://books.google.com/books/content?vid=isbn:9789078095957&printsec=frontcover&img=1&zoom=1"
"Boris","Jaap ter Haar","historisch, vriendschap","Eerste graad","Nederlandstalige fictie","9789043424489","https://books.google.com/books/content?vid=isbn:9789043424489&printsec=frontcover&img=1&zoom=1"
"Chatroom","Helen Vreeswijk","spanning, misdaad, school","Tweede graad","Boektoppers","9789033534205","https://books.google.com/books/content?vid=isbn:9789033534205&printsec=frontcover&img=1&zoom=1"
"En toen werd ik wakker (dromen van Gent)","Peter Verhelst","identiteit, poëzie, kunst","Derde graad","Boektoppers","9789066585082","https://books.google.com/books/content?vid=isbn:9789066585082&printsec=frontcover&img=1&zoom=1"
"De geest van Pegasus","Harm Tilstra","avontuur, mysterie","Eerste graad","Nederlandstalige fictie","9789070706278","https://books.google.com/books/content?vid=isbn:9789070706278&printsec=frontcover&img=1&zoom=1"
"Rode Sneeuw","Jan De Leeuw","spanning, verlies","Tweede graad","Nederlandstalige fictie","9789027394263","https://books.google.com/books/content?vid=isbn:9789027394263&printsec=frontcover&img=1&zoom=1"
"Mosje en Reizele (Dutch Edition)","Karlijn Stoffels","historisch, familie, verlies","Tweede graad","Boektoppers","9789086422254","https://books.google.com/books/content?vid=isbn:9789086422254&printsec=frontcover&img=1&zoom=1"
"Bisjou","Guy Didelez","humor, vriendschap, avontuur","Eerste graad","Boektoppers","9789083663532","https://books.google.com/books/content?vid=isbn:9789083663532&printsec=frontcover&img=1&zoom=1"
"Poedelnaakt","Guy Didelez","humor, school, identiteit","Eerste graad","Nederlandstalige fictie","9789025861514","https://books.google.com/books/content?vid=isbn:9789025861514&printsec=frontcover&img=1&zoom=1"
"Marokko aan de plas","Karlijn Stoffels","migratie, vriendschap, school","Eerste graad","Boektoppers","9789072939849","https://books.google.com/books/content?vid=isbn:9789072939849&printsec=frontcover&img=1&zoom=1"
"Valavond","Marita de Sterck","spanning, mysterie, verlies","Tweede graad","Boektoppers","9789078503542","https://books.google.com/books/content?vid=isbn:9789078503542&printsec=frontcover&img=1&zoom=1"
"De hardloper","Cynthia Voigt","coming of age, sport, verlies","Tweede graad","Nederlandstalige fictie","9789063646915","https://books.google.com/books/content?vid=isbn:9789063646915&printsec=frontcover&img=1&zoom=1"
"Wilhelmina Smiths (Tillerman Family, #5)","Cynthia Voigt","familie, coming of age, verlies","Tweede graad","Nederlandstalige fictie","9789041108812","https://books.google.com/books/content?vid=isbn:9789041108812&printsec=frontcover&img=1&zoom=1"
"Het stoomhuis: De waanzinnige der Nerbuddah","Jules Verne","avontuur, science-fiction, klassieker","Eerste graad","Nederlandstalige fictie","9789091636277","https://books.google.com/books/content?vid=isbn:9789091636277&printsec=frontcover&img=1&zoom=1"
"De reis om de wereld in 80 dagen","Jules Verne","avontuur, science-fiction","Eerste graad","Nederlandstalige fictie","9789091714157","https://books.google.com/books/content?vid=isbn:9789091714157&printsec=frontcover&img=1&zoom=1"
"De kinderen van Kapitein Grant: Zuid-Amerika","Jules Verne","science-fiction, avontuur","Eerste graad","Nederlandstalige fictie","9789013791926","https://books.google.com/books/content?vid=isbn:9789013791926&printsec=frontcover&img=1&zoom=1"
"Wij, twee jongens","Aline Sax","queer, coming of age","Tweede graad","Nederlandstalige fictie","9789092815683","https://books.google.com/books/content?vid=isbn:9789092815683&printsec=frontcover&img=1&zoom=1"
"Kartoutchke","Luc Versteylen","avontuur, humor, vriendschap","Eerste graad","Nederlandstalige fictie","9789045246975","https://books.google.com/books/content?vid=isbn:9789045246975&printsec=frontcover&img=1&zoom=1"
"Splinters","Marita de Sterck","familie, verlies","Tweede graad","Nederlandstalige fictie","9789017971514","https://books.google.com/books/content?vid=isbn:9789017971514&printsec=frontcover&img=1&zoom=1"
"Prins Pukkel","Karel Versteylen","humor, avontuur, fantasie","Eerste graad","Nederlandstalige fictie","9789091087117","https://books.google.com/books/content?vid=isbn:9789091087117&printsec=frontcover&img=1&zoom=1"
"Maar Deze Dingen Ook","Edward Thomas","poëzie, natuur, verlies","Derde graad","Nederlandstalige fictie","9789056816490","https://books.google.com/books/content?vid=isbn:9789056816490&printsec=frontcover&img=1&zoom=1"
"De uitverkorene","Luc van Tolhuyzen","historisch, psychologisch, oorlog, familie, verlies, spanning","Derde graad","Nederlandstalige fictie","9789027615412","https://books.google.com/books/content?vid=isbn:9789027615412&printsec=frontcover&img=1&zoom=1"
"Als engelen de grond raken","Gerda van Erkel","familie, verlies","Tweede graad","Nederlandstalige fictie","9789053338445","https://books.google.com/books/content?vid=isbn:9789053338445&printsec=frontcover&img=1&zoom=1"
"Negen open armen","Benny Lindelauf","historisch, familie, verlies","Tweede graad","Nederlandstalige fictie","9789076064740","https://books.google.com/books/content?vid=isbn:9789076064740&printsec=frontcover&img=1&zoom=1"
"Dromer","Saskia Maaskant","fantasie, avontuur, mysterie","Eerste graad","Nederlandstalige fictie","9789075631529","https://books.google.com/books/content?vid=isbn:9789075631529&printsec=frontcover&img=1&zoom=1"
"Blauwe maandagen","Arnon Grunberg","romance, identiteit, humor","Derde graad","Nederlandstalige fictie","9789041894718","https://books.google.com/books/content?vid=isbn:9789041894718&printsec=frontcover&img=1&zoom=1"
"De bibliotheek van Alexandrië","Jean-Pierre Luminet","historisch, spanning, wetenschap","Derde graad","Nederlandstalige fictie","9789057281756","https://books.google.com/books/content?vid=isbn:9789057281756&printsec=frontcover&img=1&zoom=1"
"Kieuw","Saskia Maaskant","fantasy, avontuur, mysterie","Eerste graad","Nederlandstalige fictie","9789092615618","https://books.google.com/books/content?vid=isbn:9789092615618&printsec=frontcover&img=1&zoom=1"
"Op liefde en dood","Gerda van Erkel","romance, verlies","Tweede graad","Nederlandstalige fictie","9789055829459","https://books.google.com/books/content?vid=isbn:9789055829459&printsec=frontcover&img=1&zoom=1"
"Hele verhalen voor een halve soldaat","Benny Lindelauf","historisch, familie, verlies","Tweede graad","Nederlandstalige fictie","9789029462311","https://books.google.com/books/content?vid=isbn:9789029462311&printsec=frontcover&img=1&zoom=1"
"Het lied van de vreemdeling","Linda Dielemans","historisch, avontuur, fantasie","Tweede graad","Nederlandstalige fictie","9789074534825","https://books.google.com/books/content?vid=isbn:9789074534825&printsec=frontcover&img=1&zoom=1"
"Khalid","Unknown Author","migratie, identiteit","Tweede graad","Nederlandstalige fictie","9789069908732","https://books.google.com/books/content?vid=isbn:9789069908732&printsec=frontcover&img=1&zoom=1"
"En met Anna?","Jan Simoen","coming of age, romance, identiteit","Tweede graad","Nederlandstalige fictie","9789042617168","https://books.google.com/books/content?vid=isbn:9789042617168&printsec=frontcover&img=1&zoom=1"
"Een-nul voor de autisten","Karlijn Stoffels","mental health, familie, school","Tweede graad","Nederlandstalige fictie","9789075766120","https://books.google.com/books/content?vid=isbn:9789075766120&printsec=frontcover&img=1&zoom=1"
"Een zomerdag in mijn hoofd","Gerda van Erkel","coming of age, verlies","Tweede graad","Nederlandstalige fictie","9789017421392","https://books.google.com/books/content?vid=isbn:9789017421392&printsec=frontcover&img=1&zoom=1"
"Ik mis je, ik mis je!","Peter Pohl","familie, verlies","Tweede graad","Nederlandstalige fictie","9789064569237","https://books.google.com/books/content?vid=isbn:9789064569237&printsec=frontcover&img=1&zoom=1"
"Onder de banyanboom","Gerda van Erkel","avontuur, vriendschap, familie","Eerste graad","Nederlandstalige fictie","9789095085672","https://books.google.com/books/content?vid=isbn:9789095085672&printsec=frontcover&img=1&zoom=1"
"Kussen in de kantlijn","Gerda van Erkel","romance, coming of age, school","Tweede graad","Nederlandstalige fictie","9789094462435","https://books.google.com/books/content?vid=isbn:9789094462435&printsec=frontcover&img=1&zoom=1"
"Ansichten","Annie Proulx","historisch, kortverhalen, identiteit, vriendschap, coming of age","Derde graad","Nederlandstalige fictie","9789062182666","https://books.google.com/books/content?vid=isbn:9789062182666&printsec=frontcover&img=1&zoom=1"
"Eigen rechter","Jan Terlouw","spanning, misdaad, ethiek","Tweede graad","Nederlandstalige fictie","9789059027075","https://books.google.com/books/content?vid=isbn:9789059027075&printsec=frontcover&img=1&zoom=1"
"De draak van Elsworth","Robert Swindells","fantasy, avontuur, mysterie","Eerste graad","Nederlandstalige fictie","9789093119488","https://books.google.com/books/content?vid=isbn:9789093119488&printsec=frontcover&img=1&zoom=1"
"Het lege ei","Hedwig van de Velde","familie, verlies","Tweede graad","Nederlandstalige fictie","9789097216019","https://books.google.com/books/content?vid=isbn:9789097216019&printsec=frontcover&img=1&zoom=1"
"Ademloos","David Getz","school, vriendschap, coming of age","Eerste graad","Nederlandstalige fictie","9789059115860","https://books.google.com/books/content?vid=isbn:9789059115860&printsec=frontcover&img=1&zoom=1"
"Heer doos","Willem van Toorn","poëzie, identiteit, humor","Derde graad","Nederlandstalige fictie","9789070354391","https://books.google.com/books/content?vid=isbn:9789070354391&printsec=frontcover&img=1&zoom=1"
"Iedere dag telt","Tatiana Vassilieva","historisch, oorlog, verlies","Tweede graad","Nederlandstalige fictie","9789078246974","https://books.google.com/books/content?vid=isbn:9789078246974&printsec=frontcover&img=1&zoom=1"
"Het rode korenveld","Mo Yan","historisch, verlies","Derde graad","Nederlandstalige fictie","9789014367117","https://books.google.com/books/content?vid=isbn:9789014367117&printsec=frontcover&img=1&zoom=1"
"De smaak van zijn stem","Piet De Loof","mysterie, psychologisch, spanning","Tweede graad","Nederlandstalige fictie","9789053507719","https://books.google.com/books/content?vid=isbn:9789053507719&printsec=frontcover&img=1&zoom=1"
"Het nachtland","Jan De Leeuw","spanning, verlies","Tweede graad","Nederlandstalige fictie","9789047288380","https://books.google.com/books/content?vid=isbn:9789047288380&printsec=frontcover&img=1&zoom=1"
"De ring van de wraak","Hedwig van de Velde","avontuur, mysterie, spanning","Eerste graad","Nederlandstalige fictie","9789088712748","https://books.google.com/books/content?vid=isbn:9789088712748&printsec=frontcover&img=1&zoom=1"
"De adem van de godin","Katrien Vervaele","spanning, mysterie, historisch","Tweede graad","Nederlandstalige fictie","9789072292513","https://books.google.com/books/content?vid=isbn:9789072292513&printsec=frontcover&img=1&zoom=1"
"De roos en het zwijn","Anne Provoost","historisch, klassieker, verlies","Tweede graad","Nederlandstalige fictie","9789015176861","https://books.google.com/books/content?vid=isbn:9789015176861&printsec=frontcover&img=1&zoom=1"
"ONDER DE SNEEUW","Kerstin Ekman","spanning, mysterie, verlies","Derde graad","Nederlandstalige fictie","9789041251197","https://books.google.com/books/content?vid=isbn:9789041251197&printsec=frontcover&img=1&zoom=1"
"Op drift","Diana Wieler","coming of age, identiteit, sport","Tweede graad","Nederlandstalige fictie","9789061395282","https://books.google.com/books/content?vid=isbn:9789061395282&printsec=frontcover&img=1&zoom=1"
"Mijn laatste dag als genie","Tanneke Wigersma","humor, school, identiteit","Eerste graad","Nederlandstalige fictie","9789077658073","https://books.google.com/books/content?vid=isbn:9789077658073&printsec=frontcover&img=1&zoom=1"
"Zuidland (Dutch Edition)","P.F. Thomése","historisch, verlies","Derde graad","Nederlandstalige fictie","9789077236139","https://books.google.com/books/content?vid=isbn:9789077236139&printsec=frontcover&img=1&zoom=1"
"De hondeneters","Marita de Sterck","familie, verlies","Tweede graad","Nederlandstalige fictie","9789087269930","https://books.google.com/books/content?vid=isbn:9789087269930&printsec=frontcover&img=1&zoom=1"
"Mooier dan de vlek","Karla Stoefs","familie, identiteit","Tweede graad","Nederlandstalige fictie","9789032626313","https://books.google.com/books/content?vid=isbn:9789032626313&printsec=frontcover&img=1&zoom=1"
"Engelenmoord","Wendy Stroobant","spanning, misdaad, mysterie","Derde graad","Nederlandstalige fictie","9789063257787","https://books.google.com/books/content?vid=isbn:9789063257787&printsec=frontcover&img=1&zoom=1"
"Prins van de Hel","Wendy Stroobant","spanning, fantasie, avontuur","Tweede graad","Nederlandstalige fictie","9789096094855","https://books.google.com/books/content?vid=isbn:9789096094855&printsec=frontcover&img=1&zoom=1"
"Vuur","Karel Verleyen","historisch, avontuur, verlies","Tweede graad","Nederlandstalige fictie","9789038375708","https://books.google.com/books/content?vid=isbn:9789038375708&printsec=frontcover&img=1&zoom=1"
"Mombakkes","Do Van Ranst","coming of age, school, identiteit","Eerste graad","Nederlandstalige fictie","9789066086595","https://books.google.com/books/content?vid=isbn:9789066086595&printsec=frontcover&img=1&zoom=1"
"Die foto waar ik niet op sta","Do Van Ranst","familie, school, identiteit","Eerste graad","Nederlandstalige fictie","9789053317247","https://books.google.com/books/content?vid=isbn:9789053317247&printsec=frontcover&img=1&zoom=1"
"Engelenkus","Hilde E. Gerard","mysterie, spanning","Tweede graad","Nederlandstalige fictie","9789041503524","https://books.google.com/books/content?vid=isbn:9789041503524&printsec=frontcover&img=1&zoom=1"
"Moeders zijn gevaarlijk met messen","Do Van Ranst","familie, identiteit","Tweede graad","Nederlandstalige fictie","9789058903304","https://books.google.com/books/content?vid=isbn:9789058903304&printsec=frontcover&img=1&zoom=1"
"De reisgenoten","Bert Kouwenberg","historisch, mysterie, avontuur","Eerste graad","Nederlandstalige fictie","9789057358213","https://books.google.com/books/content?vid=isbn:9789057358213&printsec=frontcover&img=1&zoom=1"
"Als rozenblaadjes vallen","Brigitte Minne","misdaad, mysterie, spanning","Tweede graad","Nederlandstalige fictie","9789090114247","https://books.google.com/books/content?vid=isbn:9789090114247&printsec=frontcover&img=1&zoom=1"
"Bloem in de wind","Annelies Tock","familie, verlies","Eerste graad","Nederlandstalige fictie","9789067146734","https://books.google.com/books/content?vid=isbn:9789067146734&printsec=frontcover&img=1&zoom=1"
"Blizzard","R.H. Schoemans","avontuur, coming of age, spanning","Eerste graad","Nederlandstalige fictie","9789057152249","https://books.google.com/books/content?vid=isbn:9789057152249&printsec=frontcover&img=1&zoom=1"
"De Leeuwendochter","Roger H. Schoemans","historisch, avontuur, klassieker","Tweede graad","Nederlandstalige fictie","9789098994886","https://books.google.com/books/content?vid=isbn:9789098994886&printsec=frontcover&img=1&zoom=1"
"Kinderen van de leeuwendochter","Roger H. Schoemans","historisch, avontuur, familie","Tweede graad","Nederlandstalige fictie","9789066548912","https://books.google.com/books/content?vid=isbn:9789066548912&printsec=frontcover&img=1&zoom=1"
"Klopjacht. Het verhaal van de bokkenrijders","R.H. Schoemans","historisch, spanning, mysterie","Tweede graad","Nederlandstalige fictie","9789057581434","https://books.google.com/books/content?vid=isbn:9789057581434&printsec=frontcover&img=1&zoom=1"
"Ik zal voor je zingen","Geertje Gort","familie, verlies","Eerste graad","Nederlandstalige fictie","9789022944547","https://books.google.com/books/content?vid=isbn:9789022944547&printsec=frontcover&img=1&zoom=1"
"De troost van de filosofie","Alain de Botton","filosofie, non-fictie, essay","Derde graad","Nederlandstalige fictie","9789052018657","https://books.google.com/books/content?vid=isbn:9789052018657&printsec=frontcover&img=1&zoom=1"
"Blijven slapen","Evelien De Vlieger","coming of age, romance, school","Eerste graad","Nederlandstalige fictie","9789045053068","https://books.google.com/books/content?vid=isbn:9789045053068&printsec=frontcover&img=1&zoom=1"
"De bovenkamer van Jakob","Evelien De Vlieger","familie, verlies","Eerste graad","Nederlandstalige fictie","9789054426754","https://books.google.com/books/content?vid=isbn:9789054426754&printsec=frontcover&img=1&zoom=1"
"Iedereen bleef brood eten","Do Van Ranst","familie, identiteit","Eerste graad","Nederlandstalige fictie","9789032492119","https://books.google.com/books/content?vid=isbn:9789032492119&printsec=frontcover&img=1&zoom=1"
"Gouden sterren","Lois Lowry","historisch, oorlog, verlies","Eerste graad","Nederlandstalige fictie","9789049203480","https://books.google.com/books/content?vid=isbn:9789049203480&printsec=frontcover&img=1&zoom=1"
"De Tillermans: de zwerftocht van vier kinderen op zoek naar een thuis","Cynthia Voigt","avontuur, familie, verlies","Tweede graad","Nederlandstalige fictie","9789097003313","https://books.google.com/books/content?vid=isbn:9789097003313&printsec=frontcover&img=1&zoom=1"
"Levende steden","Philip Reeve","science-fiction, dystopisch, avontuur","Tweede graad","Nederlandstalige fictie","9789018602026","https://books.google.com/books/content?vid=isbn:9789018602026&printsec=frontcover&img=1&zoom=1"
"Grensgangers","Aline Sax","historisch, oorlog, migratie","Tweede graad","Nederlandstalige fictie","9789064118347","https://books.google.com/books/content?vid=isbn:9789064118347&printsec=frontcover&img=1&zoom=1"
"Zwarte zwaan","Gideon Samson","avontuur, familie, spanning","Eerste graad","Nederlandstalige fictie","9789026477972","https://books.google.com/books/content?vid=isbn:9789026477972&printsec=frontcover&img=1&zoom=1"
"David en Jonathan","Cynthia Voigt","coming of age, vriendschap","Tweede graad","Nederlandstalige fictie","9789010846632","https://books.google.com/books/content?vid=isbn:9789010846632&printsec=frontcover&img=1&zoom=1"
"Hoe ik het kopbeest versloeg: 23 manieren om niet onzichtbaar te zijn","Mieke Versyp","humor, identiteit, school","Eerste graad","Nederlandstalige fictie","9789076667687","https://books.google.com/books/content?vid=isbn:9789076667687&printsec=frontcover&img=1&zoom=1"
"De 17e zomer van Maurice Hamster","Laure Van den Broeck","coming of age, romance, identiteit","Tweede graad","Nederlandstalige fictie","9789088227663","https://books.google.com/books/content?vid=isbn:9789088227663&printsec=frontcover&img=1&zoom=1"
"Wiet Waterlanders en de kleine Caroluscode","Mark Tijsmans","fantasie, avontuur, mysterie","Eerste graad","Nederlandstalige fictie","9789057064284","https://books.google.com/books/content?vid=isbn:9789057064284&printsec=frontcover&img=1&zoom=1"
"Een lied voor Lore","Hedwig van de Velde","familie, verlies","Eerste graad","Nederlandstalige fictie","9789019698871","https://books.google.com/books/content?vid=isbn:9789019698871&printsec=frontcover&img=1&zoom=1"
"De roep van Zotte Lotte","Hedwig van de Velde","avontuur, mysterie, familie","Eerste graad","Nederlandstalige fictie","9789048046470","https://books.google.com/books/content?vid=isbn:9789048046470&printsec=frontcover&img=1&zoom=1"
"De dagen van de bluegrassliefde","Edward van de Vendel","romance, coming of age, identiteit","Tweede graad","Nederlandstalige fictie","9789038685272","https://books.google.com/books/content?vid=isbn:9789038685272&printsec=frontcover&img=1&zoom=1"
"Madame Valentine of de tederheid","Stef Vancaeneghem","romance, identiteit","Derde graad","Nederlandstalige fictie","9789015959566","https://books.google.com/books/content?vid=isbn:9789015959566&printsec=frontcover&img=1&zoom=1"
"Dwaalgast","Unknown Author","mysterie, spanning","Tweede graad","Nederlandstalige fictie","9789091162904","https://books.google.com/books/content?vid=isbn:9789091162904&printsec=frontcover&img=1&zoom=1"
"Amulet van de dood","Karel Verleyen","avontuur, mysterie, spanning","Eerste graad","Nederlandstalige fictie","9789016131094","https://books.google.com/books/content?vid=isbn:9789016131094&printsec=frontcover&img=1&zoom=1"
"De ruiter met het masker (Kingdom, #1)","Cynthia Voigt","avontuur, fantasy, spanning","Tweede graad","Nederlandstalige fictie","9789027584434","https://books.google.com/books/content?vid=isbn:9789027584434&printsec=frontcover&img=1&zoom=1"
"Hysterische jachtgodinnen","Anne Rutyne","avontuur, mysterie, fantasie","Eerste graad","Nederlandstalige fictie","9789084447568","https://books.google.com/books/content?vid=isbn:9789084447568&printsec=frontcover&img=1&zoom=1"
"Winterbaai","Mats Wahl","coming of age, romance, spanning","Tweede graad","Nederlandstalige fictie","9789095906052","https://books.google.com/books/content?vid=isbn:9789095906052&printsec=frontcover&img=1&zoom=1"
"Lara & Rebecca: in de schaduw van het gele huis","Kathleen Vereecken","familie, verlies","Eerste graad","Nederlandstalige fictie","9789092615794","https://books.google.com/books/content?vid=isbn:9789092615794&printsec=frontcover&img=1&zoom=1"
"Kleine Cecilia","Kathleen Vereecken","familie, verlies","Eerste graad","Nederlandstalige fictie","9789041599281","https://books.google.com/books/content?vid=isbn:9789041599281&printsec=frontcover&img=1&zoom=1"
"Ik denk dat het liefde was","Kathleen Vereecken","romance, coming of age","Eerste graad","Nederlandstalige fictie","9789064172667","https://books.google.com/books/content?vid=isbn:9789064172667&printsec=frontcover&img=1&zoom=1"
"Sequoia","Kirstin Vanlierde","natuur, avontuur, verlies","Eerste graad","Nederlandstalige fictie","9789052158352","https://books.google.com/books/content?vid=isbn:9789052158352&printsec=frontcover&img=1&zoom=1"
"El tigre","Roger Vanhoeck","avontuur, spanning, mysterie","Eerste graad","Nederlandstalige fictie","9789012308545","https://books.google.com/books/content?vid=isbn:9789012308545&printsec=frontcover&img=1&zoom=1"
"Lily'S LEUGEN","Unknown Author","familie, mysterie","Eerste graad","Nederlandstalige fictie","9789058336813","https://books.google.com/books/content?vid=isbn:9789058336813&printsec=frontcover&img=1&zoom=1"
"De keuze","Karel Verleyen","historisch, oorlog, verlies","Tweede graad","Nederlandstalige fictie","9789038757256","https://books.google.com/books/content?vid=isbn:9789038757256&printsec=frontcover&img=1&zoom=1"
"Westervenster","Wilma Verweij","familie, identiteit","Eerste graad","Nederlandstalige fictie","9789080076275","https://books.google.com/books/content?vid=isbn:9789080076275&printsec=frontcover&img=1&zoom=1"
"Mag het op mijn manier?","René Swartenbroekx","humor, school, coming of age","Eerste graad","Nederlandstalige fictie","9789024215101","https://books.google.com/books/content?vid=isbn:9789024215101&printsec=frontcover&img=1&zoom=1"
"De stad brandt","Maria Jacques","historisch, oorlog, verlies","Eerste graad","Nederlandstalige fictie","9789040272437","https://books.google.com/books/content?vid=isbn:9789040272437&printsec=frontcover&img=1&zoom=1"
"Uitgespeeld","Mel Wallis de Vries","spanning, misdaad, mysterie","Tweede graad","Nederlandstalige fictie","9789063013540","https://books.google.com/books/content?vid=isbn:9789063013540&printsec=frontcover&img=1&zoom=1"
"Broergeheim","Emiel de Wild","familie, mysterie","Tweede graad","Nederlandstalige fictie","9789052724923","https://books.google.com/books/content?vid=isbn:9789052724923&printsec=frontcover&img=1&zoom=1"
"Wie is Libby Skibner? (Dutch Edition)","Daan Remmerts de Vries","mysterie, spanning, avontuur","Eerste graad","Nederlandstalige fictie","9789083198714","https://books.google.com/books/content?vid=isbn:9789083198714&printsec=frontcover&img=1&zoom=1"
"Slecht","Jan Simoen","coming of age, identiteit, school","Tweede graad","Nederlandstalige fictie","9789064004099","https://books.google.com/books/content?vid=isbn:9789064004099&printsec=frontcover&img=1&zoom=1"
"Maanlief","Marleen Nelen","romance, identiteit","Eerste graad","Boektoppers","9789011873675","https://books.google.com/books/content?vid=isbn:9789011873675&printsec=frontcover&img=1&zoom=1"
"Het lied van de raaf","Per Nilsson","verlies, identiteit","Eerste graad","Boektoppers","9789048711631","https://books.google.com/books/content?vid=isbn:9789048711631&printsec=frontcover&img=1&zoom=1"
"Met uitzicht op zee","David Vogel","reizen, identiteit","Derde graad","Nederlandstalige fictie","9789086254142","https://books.google.com/books/content?vid=isbn:9789086254142&printsec=frontcover&img=1&zoom=1"
"Niet meer dan lucht","Veerle Vrindts","familie, verlies","Eerste graad","Nederlandstalige fictie","9789076428028","https://books.google.com/books/content?vid=isbn:9789076428028&printsec=frontcover&img=1&zoom=1"
"Over Zee","Marleen Nelen","reizen, verlies, identiteit","Eerste graad","Nederlandstalige fictie","9789060958061","https://books.google.com/books/content?vid=isbn:9789060958061&printsec=frontcover&img=1&zoom=1"
"De strijd van Jenkins' oor","Unknown Author","historisch, avontuur, klassieker","Eerste graad","Nederlandstalige fictie","9789058334769","https://books.google.com/books/content?vid=isbn:9789058334769&printsec=frontcover&img=1&zoom=1"
"De man uit het niets","Michael Morpurgo","historisch, oorlog, verlies","Tweede graad","Nederlandstalige fictie","9789046183242","https://books.google.com/books/content?vid=isbn:9789046183242&printsec=frontcover&img=1&zoom=1"
"Brieven van mijn vader","Kazumi Yumoto","coming of age, familie, verlies","Tweede graad","Nederlandstalige fictie","9789088342567","https://books.google.com/books/content?vid=isbn:9789088342567&printsec=frontcover&img=1&zoom=1"
"Inkt","Katrien Vervaele","spanning, mysterie, psychologisch","Tweede graad","Nederlandstalige fictie","9789071215258","https://books.google.com/books/content?vid=isbn:9789071215258&printsec=frontcover&img=1&zoom=1"
"Koppain (Davidsfonds/Infodok-jeugd)","Unknown Author","avontuur, vriendschap, school","Eerste graad","Nederlandstalige fictie","9789087148758","https://books.google.com/books/content?vid=isbn:9789087148758&printsec=frontcover&img=1&zoom=1"
"Raak me dan, als je kan","Siska Goeminne","spanning, mysterie, school","Eerste graad","Nederlandstalige fictie","9789045788803","https://books.google.com/books/content?vid=isbn:9789045788803&printsec=frontcover&img=1&zoom=1"
"Schaduw van Toet","Lida Dijkstra","historisch, avontuur, mysterie","Eerste graad","Nederlandstalige fictie","9789023416387","https://books.google.com/books/content?vid=isbn:9789023416387&printsec=frontcover&img=1&zoom=1"
"Het dorp van de zwaluwen","Marc De Bel","historisch, oorlog, verlies","Eerste graad","Nederlandstalige fictie","9789096538205","https://books.google.com/books/content?vid=isbn:9789096538205&printsec=frontcover&img=1&zoom=1"
"Zonder titel","Erna Sassen","coming of age, identiteit, school","Tweede graad","Nederlandstalige fictie","9789022796771","https://books.google.com/books/content?vid=isbn:9789022796771&printsec=frontcover&img=1&zoom=1"
"Het zoete water","Joke Eikenaar","familie, verlies","Eerste graad","Nederlandstalige fictie","9789020119488","https://books.google.com/books/content?vid=isbn:9789020119488&printsec=frontcover&img=1&zoom=1"
"De never evers","Tom Elien","coming of age, romance, vriendschap","Tweede graad","Nederlandstalige fictie","9789092813079","https://books.google.com/books/content?vid=isbn:9789092813079&printsec=frontcover&img=1&zoom=1"
"De boom met de bittere bladeren","Ruth Erica","coming of age, familie, verlies","Tweede graad","Nederlandstalige fictie","9789097922532","https://books.google.com/books/content?vid=isbn:9789097922532&printsec=frontcover&img=1&zoom=1"
"Wij blijven bij elkaar","Martine Letterie","historisch, migratie, oorlog, familie","Tweede graad","Nederlandstalige fictie","9789063759748","https://books.google.com/books/content?vid=isbn:9789063759748&printsec=frontcover&img=1&zoom=1"
"De zwendelprins","Rima Orie","fantasy, avontuur, mysterie","Tweede graad","Nederlandstalige fictie","9789082392193","https://books.google.com/books/content?vid=isbn:9789082392193&printsec=frontcover&img=1&zoom=1"
"Bart","Ap Dijksterhuis","coming of age, identiteit, humor","Tweede graad","Nederlandstalige fictie","9789090081938","https://books.google.com/books/content?vid=isbn:9789090081938&printsec=frontcover&img=1&zoom=1"
"Één is altijd gelijk aan één","Elke Sannen","coming of age, romance, identiteit","Tweede graad","Nederlandstalige fictie","9789082989280","https://books.google.com/books/content?vid=isbn:9789082989280&printsec=frontcover&img=1&zoom=1"
"IJzerkop","Jean-Claude van Rijckeghem","historisch, avontuur, verlies","Tweede graad","Nederlandstalige fictie","9789084292358","https://books.google.com/books/content?vid=isbn:9789084292358&printsec=frontcover&img=1&zoom=1"
"Galgenmeid","Jean-Claude van Rijckeghem","historisch, spanning, misdaad","Derde graad","Nederlandstalige fictie","9789078065679","https://books.google.com/books/content?vid=isbn:9789078065679&printsec=frontcover&img=1&zoom=1"
"Hannibal","Michael De Cock","historisch, avontuur, klassieker","Eerste graad","Nederlandstalige fictie","9789019456727","https://books.google.com/books/content?vid=isbn:9789019456727&printsec=frontcover&img=1&zoom=1"
"Persepolis (Persepolis, #1-4)","Marjane Satrapi","autobiografie, coming of age, identiteit, migratie","Derde graad","Graphic novels","9789060498400","https://books.google.com/books/content?vid=isbn:9789060498400&printsec=frontcover&img=1&zoom=1"
"De terugkeer van de wespendief","Aimée de Jongh","magisch realisme, mental health, verlies","Tweede graad","Graphic novels","9789074873600","https://books.google.com/books/content?vid=isbn:9789074873600&printsec=frontcover&img=1&zoom=1"
"Wij twee samen","Ephameron","autobiografie, verlies, familie","Derde graad","Graphic novels","9789045706921","https://books.google.com/books/content?vid=isbn:9789045706921&printsec=frontcover&img=1&zoom=1"
"Kaas","Dick Matena","klassieker, humor, identiteit","Derde graad","Graphic novels","9789017425335","https://books.google.com/books/content?vid=isbn:9789017425335&printsec=frontcover&img=1&zoom=1"
"Mamma?","Iris de Groot","autobiografie, coming of age, familie","Tweede graad","Graphic novels","9789020446540","https://books.google.com/books/content?vid=isbn:9789020446540&printsec=frontcover&img=1&zoom=1"
"Watchmen","Alan Moore","dystopisch, klassieker, science-fiction","Derde graad","Graphic novels","9789021305830","https://books.google.com/books/content?vid=isbn:9789021305830&printsec=frontcover&img=1&zoom=1"
"De spin en de sleutel","Anna Wolz","spanning, bekroond, familie, mental health, psychologisch, verlies","Eerste graad","Nederlandstalige fictie","9789045129655","https://books.google.com/books/content?vid=isbn:9789045129655&printsec=frontcover&img=1&zoom=1"
